StartDate;EndDate;Progress;Durationinseconds;Finished;RecordedDate;ResponseId;UserLanguage;Code;Block;Consent;gender;sex;age;Nationality;sexualorientation;partnershipstatus;education;residence;monthlyincome;sex_clean;age_clean;education_clean
02/10/2024 07:31;02/10/2024 08:26;100;3295;TRUE;02/10/2024 08:26;R_8SBPAxyv4CsGyAx;CS;1;Block 7;Agreed;Male;Male;21;Slovak;Exclusively heterosexual;Single (no partner);High school with diploma;Municipalities up to 1000 inhabitants;;Male;21;High school
02/10/2024 08:29;02/10/2024 09:11;100;2547;TRUE;02/10/2024 09:11;R_8XAq0hK7xbKcsOB;CS;2;Block 1;Agreed;Female;Female;22;Slovak;Exclusively heterosexual;Single (no partner);High school with diploma;City with 20 001-50 000 inhabitants;up to 15 000 CZK/month;Female;22;High school
02/10/2024 09:14;02/10/2024 09:51;100;2267;TRUE;02/10/2024 09:51;R_2HkT0LKZg2bM5JD;CS;3;Block 8;Agreed;Female;Female;32;Russian;Exclusively heterosexual;Single (no partner);Bachelor's degree (Bc., BcA.);Large city over 100 000 inhabitants;30 000-50 000 CZK/month;Female;32;Bachelor's degree
02/10/2024 10:12;02/10/2024 10:27;100;912;TRUE;02/10/2024 10:27;R_23m2x6MdxBK5ZsA;CS;4;Block 5;Agreed;Female;Female;20;Czech;Predominantly heterosexual;Single (no partner);High school with diploma;Municipality with 5001-20 000 inhabitants;up to 15 000 CZK/month;Female;20;High school
02/10/2024 10:29;02/10/2024 11:01;100;1912;TRUE;02/10/2024 11:01;R_2sKiecFAd7BbcVX;CS;5;Block 9;Agreed;Female;Female;23;Czech;Predominantly heterosexual;Serious relationship;Bachelor's degree (Bc., BcA.);Municipality with 1001-5000 inhabitants;up to 15 000 CZK/month;Female;23;Bachelor's degree
02/10/2024 11:02;02/10/2024 11:29;100;1637;TRUE;02/10/2024 11:29;R_263SPdQRqGrCu3v;CS;6;Block 10;Agreed;Female;Female;20;Czech;Exclusively heterosexual;Single (no partner);High school with diploma;Large city over 100 000 inhabitants;up to 15 000 CZK/month;Female;20;High school
02/10/2024 11:30;02/10/2024 12:01;100;1893;TRUE;02/10/2024 12:01;R_2oonLv7urRJS1jQ;CS;7;Block 1;Agreed;Male;Male;26;Czech;Exclusively heterosexual;Single (no partner);High school with diploma;City with 20 001-50 000 inhabitants;up to 15 000 CZK/month;Male;26;High school
02/10/2024 12:02;02/10/2024 12:41;100;2310;TRUE;02/10/2024 12:41;R_2mQdCBZtXUbyrdv;CS;8;Block 6;Agreed;Male;Male;25;Czech;Exclusively homosexual;Serious relationship;Master's degree (Mgr., MgA., Ing., MUDr., RNDr., PhDr., PharmDr., etc.);Municipality with 1001-5000 inhabitants;up to 15 000 CZK/month;Male;25;Master's degree
02/10/2024 12:58;02/10/2024 13:41;100;2561;TRUE;02/10/2024 13:41;R_28TCmrQWCjtHqkW;CS;9;Block 4;Agreed;Female;Female;36;Czech;Predominantly heterosexual;Single (no partner);Bachelor's degree (Bc., BcA.);Large city over 100 000 inhabitants;up to 15 000 CZK/month;Female;36;Bachelor's degree
02/10/2024 13:43;02/10/2024 14:18;100;2109;TRUE;02/10/2024 14:18;R_8xoZ4rKzb07IyvT;CS;10;Block 4;Agreed;Female;Female;22;Czech;Predominantly heterosexual;Single (no partner);High school with diploma;City with 20 001-50 000 inhabitants;up to 15 000 CZK/month;Female;22;High school
02/10/2024 14:20;02/10/2024 14:59;100;2314;TRUE;02/10/2024 14:59;R_2KUylBKOR7595mh;CS;11;Block 10;Agreed;Prefer not to specify;Female;27;Czech;Bisexual;Single (no partner);High school with diploma;Municipality with 1001-5000 inhabitants;up to 15 000 CZK/month;Female;27;High school
02/10/2024 15:00;02/10/2024 15:14;100;836;TRUE;02/10/2024 15:14;R_2u565QfG6ZFvlQJ;CS;12;Block 8;Agreed;Female;Female;19;Czech;Bisexual;Serious relationship;High school with diploma;Large city over 100 000 inhabitants;up to 15 000 CZK/month;Female;19;High school
02/10/2024 15:15;02/10/2024 15:31;100;959;TRUE;02/10/2024 15:31;R_2L7opm6lNDEaigs;CS;13;Block 11;Agreed;Female;Female;23;Czech;Exclusively heterosexual;;Bachelor's degree (Bc., BcA.);Municipalities up to 1000 inhabitants;up to 15 000 CZK/month;Female;23;Bachelor's degree
02/10/2024 16:43;02/10/2024 16:51;100;503;TRUE;02/10/2024 16:51;R_8K8B3u2kuC2gkJ0;CS;14;Block 6;Agreed;Female;Female;26;Czech;Exclusively heterosexual;Single (no partner);High school with diploma;Municipalities up to 1000 inhabitants;15 000-30 000 CZK/month;Female;26;High school
02/10/2024 16:55;02/10/2024 17:50;100;3355;TRUE;02/10/2024 17:51;R_2o05YQnEygyB841;CS;15;Block 6;Agreed;Female;Female;40;Czech;Exclusively heterosexual;non-binding relationship;Master's degree (Mgr., MgA., Ing., MUDr., RNDr., PhDr., PharmDr., etc.);Large city over 100 000 inhabitants;over 50 000 CZK/month;Female;40;Master's degree
03/10/2024 07:41;03/10/2024 08:25;100;2643;TRUE;03/10/2024 08:25;R_2H7ZvJNw6x830fI;CS;16;Block 1;Agreed;Female;Female;21;Czech;Exclusively heterosexual;Serious relationship;High school with diploma;M?sto s 50 001-100 000 obyvateli;up to 15 000 CZK/month;Female;21;High school
03/10/2024 09:07;03/10/2024 09:28;100;1279;TRUE;03/10/2024 09:28;R_8Po2IYvs48hge4N;CS;17;Block 11;Agreed;Female;Female;30;Czech;Exclusively heterosexual;non-binding relationship;Master's degree (Mgr., MgA., Ing., MUDr., RNDr., PhDr., PharmDr., etc.);Large city over 100 000 inhabitants;15 000-30 000 CZK/month;Female;30;Master's degree
03/10/2024 09:29;03/10/2024 10:03;100;2057;TRUE;03/10/2024 10:03;R_8cnFkEtJVJr3xGu;CS;18;Block 10;Agreed;Female;Female;25;Czech;Rather heterosexual;Serious relationship;Bachelor's degree (Bc., BcA.);Large city over 100 000 inhabitants;up to 15 000 CZK/month;Female;25;Bachelor's degree
03/10/2024 10:06;03/10/2024 11:11;100;3943;TRUE;03/10/2024 11:11;R_8Qzo1WdATG4tmpv;CS;19;Block 8;Agreed;Male;Male;27;Czech;Exclusively homosexual;Single (no partner);Master's degree (Mgr., MgA., Ing., MUDr., RNDr., PhDr., PharmDr., etc.);Large city over 100 000 inhabitants;15 000-30 000 CZK/month;Male;27;Master's degree
03/10/2024 11:12;03/10/2024 11:41;100;1756;TRUE;03/10/2024 11:41;R_8EWOEgx0kY069fd;CS;20;Block 3;Agreed;Female;Female;25;Slovak;Predominantly heterosexual;Serious relationship;Bachelor's degree (Bc., BcA.);City with 20 001-50 000 inhabitants;up to 15 000 CZK/month;Female;25;Bachelor's degree
03/10/2024 11:43;03/10/2024 12:12;100;1750;TRUE;03/10/2024 12:12;R_238y0dR6oAOIX1b;CS;21;Block 3;Agreed;Female;Female;20;Czech;Bisexual;Serious relationship;High school with diploma;Large city over 100 000 inhabitants;up to 15 000 CZK/month;Female;20;High school
03/10/2024 12:16;03/10/2024 12:45;100;1757;TRUE;03/10/2024 12:45;R_2KZ2ndnOTFQbtIs;CS;22;Block 2;Agreed;Female;Female;24;Czech;Exclusively heterosexual;Serious relationship;Bachelor's degree (Bc., BcA.);Large city over 100 000 inhabitants;up to 15 000 CZK/month;Female;24;Bachelor's degree
03/10/2024 13:12;03/10/2024 13:24;100;735;TRUE;03/10/2024 13:24;R_2rcSBdCjLaIJOfD;CS;23;Block 6;Agreed;Female;Female;20;Russian;Exclusively heterosexual;Serious relationship;High school with diploma;Large city over 100 000 inhabitants;up to 15 000 CZK/month;Female;20;High school
03/10/2024 13:25;03/10/2024 13:48;100;1398;TRUE;03/10/2024 13:48;R_8Jyp09VXtpt2zJ7;CS;24;Block 2;Agreed;Female;Female;23;Slovak;Exclusively heterosexual;non-binding relationship;High school with diploma;Large city over 100 000 inhabitants;up to 15 000 CZK/month;Female;23;High school
03/10/2024 13:54;03/10/2024 14:30;100;2191;TRUE;03/10/2024 14:30;R_2lcSY5y16wJn5e1;CS;25;Block 5;Agreed;Female;Female;19;Czech;Predominantly heterosexual;Single (no partner);High school with diploma;Large city over 100 000 inhabitants;up to 15 000 CZK/month;Female;19;High school
03/10/2024 14:32;03/10/2024 15:01;100;1773;TRUE;03/10/2024 15:01;R_2sRA6QMaH547JVu;CS;26;Block 10;Agreed;Female;Female;20;Czech;Predominantly heterosexual;Serious relationship;High school with diploma;Large city over 100 000 inhabitants;up to 15 000 CZK/month;Female;20;High school
03/10/2024 15:02;03/10/2024 16:42;100;5994;TRUE;03/10/2024 16:42;R_8to1n5TJI4mixtT;CS;27;Block 1;Agreed;Male;Male;20;Czech;Exclusively heterosexual;Single (no partner);High school with diploma;Large city over 100 000 inhabitants;up to 15 000 CZK/month;Male;20;High school
03/10/2024 16:45;03/10/2024 16:57;100;742;TRUE;03/10/2024 16:57;R_8rAnbpxnoeL0WIc;CS;28;Block 5;Agreed;Male;Male;22;Czech;Exclusively heterosexual;Serious relationship;Bachelor's degree (Bc., BcA.);Large city over 100 000 inhabitants;15 000-30 000 CZK/month;Male;22;Bachelor's degree
03/10/2024 16:59;03/10/2024 17:14;100;950;TRUE;03/10/2024 17:14;R_8HAMAJq30KB7TQO;CS;29;Block 9;Agreed;Male;Male;23;Czech;Exclusively heterosexual;Serious relationship;High school with diploma;Municipalities up to 1000 inhabitants;up to 15 000 CZK/month;Male;23;High school
03/10/2024 17:18;03/10/2024 17:42;100;1453;TRUE;03/10/2024 17:42;R_2qk3pwTIQdKg8Yd;CS;30;Block 7;Agreed;Female;Female;27;Czech;Predominantly heterosexual;Serious relationship;Master's degree (Mgr., MgA., Ing., MUDr., RNDr., PhDr., PharmDr., etc.);Large city over 100 000 inhabitants;30 000-50 000 CZK/month;Female;27;Master's degree
03/10/2024 17:44;03/10/2024 18:12;100;1705;TRUE;03/10/2024 18:13;R_8tmU6iDSdHpDkOA;CS;31;Block 9;Agreed;Female;Female;22;Czech;Predominantly heterosexual;Serious relationship;Bachelor's degree (Bc., BcA.);Large city over 100 000 inhabitants;up to 15 000 CZK/month;Female;22;Bachelor's degree
07/10/2024 07:38;07/10/2024 08:40;100;3711;TRUE;07/10/2024 08:40;R_2bHtrKJJ30xarpn;CS;32;Block 3;Agreed;Female;Female;40;Czech;Exclusively heterosexual;Single (no partner);Master's degree (Mgr., MgA., Ing., MUDr., RNDr., PhDr., PharmDr., etc.);Large city over 100 000 inhabitants;30 000-50 000 CZK/month;Female;40;Master's degree
07/10/2024 08:42;07/10/2024 08:59;100;979;TRUE;07/10/2024 08:59;R_8hJQEzL71hmZxkt;CS;33;Block 3;Agreed;Female;Female;18;Czech;Exclusively heterosexual;Single (no partner);High school with diploma;Large city over 100 000 inhabitants;up to 15 000 CZK/month;Female;18;High school
07/10/2024 09:02;07/10/2024 09:54;100;3125;TRUE;07/10/2024 09:54;R_8PvhTyyNXbVuTqw;CS;34;Block 3;Agreed;Female;Female;23;Czech;Rather heterosexual;Single (no partner);Bachelor's degree (Bc., BcA.);Large city over 100 000 inhabitants;up to 15 000 CZK/month;Female;23;Bachelor's degree
07/10/2024 09:56;07/10/2024 10:57;100;3630;TRUE;07/10/2024 10:57;R_2iLjLxHdMoSFJza;CS;35;Block 3;Agreed;Female;Female;25;Czech;Exclusively heterosexual;Serious relationship;Bachelor's degree (Bc., BcA.);Large city over 100 000 inhabitants;up to 15 000 CZK/month;Female;25;Bachelor's degree
07/10/2024 10:59;07/10/2024 11:13;100;891;TRUE;07/10/2024 11:13;R_2QXfio1Gz1h6orD;CS;36;Block 6;Agreed;Male;Male;25;Czech;Exclusively homosexual;Serious relationship;Bachelor's degree (Bc., BcA.);Municipality with 5001-20 000 inhabitants;15 000-30 000 CZK/month;Male;25;Bachelor's degree
07/10/2024 11:17;07/10/2024 11:48;100;1902;TRUE;07/10/2024 11:48;R_2Xaplz0dx1GyOjK;CS;37;Block 8;Agreed;Female;Female;20;Czech;Exclusively heterosexual;Serious relationship;High school with diploma;Large city over 100 000 inhabitants;up to 15 000 CZK/month;Female;20;High school
07/10/2024 11:49;07/10/2024 12:21;100;1922;TRUE;07/10/2024 12:21;R_21ApkAdh9DPwHwY;CS;38;Block 11;Agreed;Female;Female;23;Czech;Predominantly heterosexual;Serious relationship;Bachelor's degree (Bc., BcA.);Municipalities up to 1000 inhabitants;up to 15 000 CZK/month;Female;23;Bachelor's degree
07/10/2024 12:22;07/10/2024 13:29;100;4040;TRUE;07/10/2024 13:29;R_2rlAmQvr23ISrq5;CS;39;Block 2;Agreed;Female;Female;22;Czech;Exclusively heterosexual;Single (no partner);High school with diploma;Municipality with 5001-20 000 inhabitants;up to 15 000 CZK/month;Female;22;High school
07/10/2024 13:31;07/10/2024 14:44;100;4360;TRUE;07/10/2024 14:44;R_8bKxEu99bBHSWF8;CS;40;Block 11;Agreed;Female;Female;22;Czech;Exclusively heterosexual;Single (no partner);High school with diploma;Municipalities up to 1000 inhabitants;15 000-30 000 CZK/month;Female;22;High school
07/10/2024 14:46;07/10/2024 15:04;100;1047;TRUE;07/10/2024 15:04;R_8q9Br3NT9KlQcfB;CS;41;Block 9;Agreed;Female;Female;22;Czech;Predominantly heterosexual;Serious relationship;High school with diploma;Municipality with 5001-20 000 inhabitants;15 000-30 000 CZK/month;Female;22;High school
07/10/2024 15:05;07/10/2024 15:22;100;1060;TRUE;07/10/2024 15:22;R_8iJDjVrupxXAppG;CS;42;Block 1;Agreed;Female;Female;22;Czech;Rather heterosexual;Serious relationship;High school with diploma;Large city over 100 000 inhabitants;up to 15 000 CZK/month;Female;22;High school
07/10/2024 16:46;07/10/2024 17:08;100;1330;TRUE;07/10/2024 17:08;R_2eqmWafRfbWc07U;CS;43;Block 5;Agreed;Female;Female;19;Czech;Bisexual;Single (no partner);High school with diploma;Large city over 100 000 inhabitants;up to 15 000 CZK/month;Female;19;High school
07/10/2024 17:09;07/10/2024 18:09;100;3625;TRUE;07/10/2024 18:10;R_2FPvQ3s3yForggN;CS;44;Block 4;Agreed;Male;Male;28;Ukrainian;Exclusively heterosexual;Single (no partner);Master's degree (Mgr., MgA., Ing., MUDr., RNDr., PhDr., PharmDr., etc.);Large city over 100 000 inhabitants;up to 15 000 CZK/month;Male;28;Master's degree
07/10/2024 18:13;07/10/2024 18:30;100;1000;TRUE;07/10/2024 18:30;R_2Cc3GiZbNUhK80h;CS;45;Block 1;Agreed;Female;Female;24;Slovak;Exclusively heterosexual;Single (no partner);High school with diploma;Large city over 100 000 inhabitants;15 000-30 000 CZK/month;Female;24;High school
07/10/2024 18:31;07/10/2024 19:00;100;1734;TRUE;07/10/2024 19:00;R_8Y4B8N5S2B6Lyy5;CS;46;Block 9;Agreed;Male;Male;26;Czech;Exclusively heterosexual;Single (no partner);Master's degree (Mgr., MgA., Ing., MUDr., RNDr., PhDr., PharmDr., etc.);Large city over 100 000 inhabitants;15 000-30 000 CZK/month;Male;26;Master's degree
08/10/2024 07:38;08/10/2024 08:25;100;2809;TRUE;08/10/2024 08:25;R_2Oru3WiZkHiohDm;CS;47;Block 8;Agreed;Female;Female;20;Czech;Predominantly heterosexual;Single (no partner);High school with diploma;Large city over 100 000 inhabitants;up to 15 000 CZK/month;Female;20;High school
08/10/2024 08:26;08/10/2024 09:02;100;2159;TRUE;08/10/2024 09:02;R_8mxA5TX8FM3aExa;CS;48;Block 4;Agreed;Male;Male;25;Czech;Exclusively heterosexual;Single (no partner);Master's degree (Mgr., MgA., Ing., MUDr., RNDr., PhDr., PharmDr., etc.);Large city over 100 000 inhabitants;15 000-30 000 CZK/month;Male;25;Master's degree
08/10/2024 09:06;08/10/2024 09:34;100;1718;TRUE;08/10/2024 09:34;R_84q0eani2Hs1bLo;CS;49;Block 10;Agreed;Female;Female;19;Czech;Exclusively heterosexual;Serious relationship;High school with diploma;Municipality with 1001-5000 inhabitants;up to 15 000 CZK/month;Female;19;High school
08/10/2024 09:36;08/10/2024 09:52;100;998;TRUE;08/10/2024 09:52;R_8AExClolOr1gZRo;CS;50;Block 2;Agreed;Female;Female;20;Czech;Exclusively heterosexual;Single (no partner);High school with diploma;M?sto s 50 001-100 000 obyvateli;up to 15 000 CZK/month;Female;20;High school
08/10/2024 09:53;08/10/2024 10:47;100;3254;TRUE;08/10/2024 10:47;R_87eQrXYC24cvAeJ;CS;51;Block 6;Agreed;Male;Male;20;Czech;Exclusively heterosexual;Serious relationship;High school with diploma;Large city over 100 000 inhabitants;up to 15 000 CZK/month;Male;20;High school
08/10/2024 10:49;08/10/2024 11:07;100;1069;TRUE;08/10/2024 11:07;R_8fd4V4PWez0qbnB;CS;52;Block 9;Agreed;Male;Male;23;Czech;Predominantly heterosexual;Single (no partner);Bachelor's degree (Bc., BcA.);Large city over 100 000 inhabitants;up to 15 000 CZK/month;Male;23;Bachelor's degree
08/10/2024 11:08;08/10/2024 11:37;100;1735;TRUE;08/10/2024 11:37;R_24rkIXJ53Lnisg1;CS;53;Block 8;Agreed;Male;Male;20;Czech;Exclusively heterosexual;Single (no partner);High school with diploma;Large city over 100 000 inhabitants;15 000-30 000 CZK/month;Male;20;High school
08/10/2024 11:38;08/10/2024 12:06;100;1645;TRUE;08/10/2024 12:06;R_2WMS3zZlB54lsGZ;CS;54;Block 11;Agreed;Female;Female;30;Russian;Predominantly heterosexual;Marriage / registered partnership;Bachelor's degree (Bc., BcA.);Large city over 100 000 inhabitants;15 000-30 000 CZK/month;Female;30;Bachelor's degree
08/10/2024 12:46;08/10/2024 14:31;100;6354;TRUE;08/10/2024 14:31;R_2SHyhgZlFOYRneS;CS;55;Block 2;Agreed;Female;Female;20;Czech;Exclusively heterosexual;Single (no partner);High school with diploma;Municipality with 5001-20 000 inhabitants;up to 15 000 CZK/month;Female;20;High school
08/10/2024 14:34;08/10/2024 14:52;100;1089;TRUE;08/10/2024 14:52;R_8WZLCdGMge2G47v;CS;56;Block 9;Agreed;Female;Female;25;Czech;Exclusively heterosexual;Serious relationship;Bachelor's degree (Bc., BcA.);Large city over 100 000 inhabitants;15 000-30 000 CZK/month;Female;25;Bachelor's degree
08/10/2024 14:53;08/10/2024 15:39;100;2760;TRUE;08/10/2024 15:39;R_8NzfxDcdzNIK30l;CS;57;Block 2;Agreed;Female;Female;19;Czech;Rather heterosexual;Single (no partner);High school with diploma;M?sto s 50 001-100 000 obyvateli;up to 15 000 CZK/month;Female;19;High school
08/10/2024 15:40;08/10/2024 15:57;100;1008;TRUE;08/10/2024 15:57;R_8M4DcegEu8F3ZQd;CS;58;Block 1;Agreed;Female;Female;25;Czech;Rather heterosexual;Serious relationship;Master's degree (Mgr., MgA., Ing., MUDr., RNDr., PhDr., PharmDr., etc.);Large city over 100 000 inhabitants;up to 15 000 CZK/month;Female;25;Master's degree
08/10/2024 16:05;08/10/2024 16:52;100;2837;TRUE;08/10/2024 16:52;R_80Gg8bZ1Mealrmp;CS;59;Block 1;Agreed;Female;Female;24;Slovak;Exclusively heterosexual;non-binding relationship;Bachelor's degree (Bc., BcA.);Large city over 100 000 inhabitants;15 000-30 000 CZK/month;Female;24;Bachelor's degree
08/10/2024 16:53;08/10/2024 17:11;100;1092;TRUE;08/10/2024 17:12;R_2CB6gunEDfjcZUw;CS;60;Block 10;Agreed;Female;Female;26;Czech;Exclusively heterosexual;Serious relationship;Master's degree (Mgr., MgA., Ing., MUDr., RNDr., PhDr., PharmDr., etc.);Large city over 100 000 inhabitants;30 000-50 000 CZK/month;Female;26;Master's degree
08/10/2024 17:12;08/10/2024 17:46;100;2009;TRUE;08/10/2024 17:46;R_8kgZjfydrMIIUrW;CS;61;Block 5;Agreed;Male;Male;30;Czech;Predominantly heterosexual;Single (no partner);Master's degree (Mgr., MgA., Ing., MUDr., RNDr., PhDr., PharmDr., etc.);Large city over 100 000 inhabitants;30 000-50 000 CZK/month;Male;30;Master's degree
08/10/2024 17:47;08/10/2024 18:15;100;1697;TRUE;08/10/2024 18:15;R_2RmyWAj0QKyfUXW;CS;62;Block 11;Agreed;Male;Male;23;Czech;Exclusively heterosexual;Serious relationship;Bachelor's degree (Bc., BcA.);Municipality with 5001-20 000 inhabitants;up to 15 000 CZK/month;Male;23;Bachelor's degree
08/10/2024 18:17;08/10/2024 18:46;100;1765;TRUE;08/10/2024 18:46;R_8iCjZYY1yEbFehH;CS;63;Block 2;Agreed;Male;Male;20;Czech;Exclusively homosexual;Single (no partner);High school with diploma;Large city over 100 000 inhabitants;up to 15 000 CZK/month;Male;20;High school
09/10/2024 07:39;09/10/2024 08:25;100;2751;TRUE;09/10/2024 08:25;R_85tKSGyUueFxzzf;CS;64;Block 1;Agreed;Female;Female;25;Czech;Predominantly heterosexual;Serious relationship;Bachelor's degree (Bc., BcA.);Large city over 100 000 inhabitants;15 000-30 000 CZK/month;Female;25;Bachelor's degree
09/10/2024 08:26;09/10/2024 09:29;100;3787;TRUE;09/10/2024 09:29;R_8PdT8ZSCqJTgMrO;CS;65;Block 4;Agreed;Female;Female;26;Czech;Exclusively heterosexual;Serious relationship;Master's degree (Mgr., MgA., Ing., MUDr., RNDr., PhDr., PharmDr., etc.);Large city over 100 000 inhabitants;15 000-30 000 CZK/month;Female;26;Master's degree
09/10/2024 09:30;09/10/2024 10:22;100;3152;TRUE;09/10/2024 10:22;R_8KAU3XXxbi6qDlP;CS;66;Block 6;Agreed;Male;Male;20;Czech;Exclusively heterosexual;Single (no partner);High school with diploma;Municipality with 5001-20 000 inhabitants;up to 15 000 CZK/month;Male;20;High school
09/10/2024 10:23;09/10/2024 10:56;100;1964;TRUE;09/10/2024 10:56;R_2cCKdSlJBHJlT2X;CS;67;Block 1;Agreed;Female;Female;25;Czech;Bisexual;Single (no partner);High school with diploma;Large city over 100 000 inhabitants;up to 15 000 CZK/month;Female;25;High school
09/10/2024 10:57;09/10/2024 11:30;100;2006;TRUE;09/10/2024 11:30;R_8gN2tIpTAv7E8In;CS;68;Block 8;Agreed;Female;Female;21;Czech;Bisexual;Serious relationship;High school with diploma;Municipalities up to 1000 inhabitants;up to 15 000 CZK/month;Female;21;High school
09/10/2024 11:31;09/10/2024 11:47;100;960;TRUE;09/10/2024 11:47;R_8Ioay44pIQ3bjUk;CS;69;Block 2;Agreed;Male;Male;24;Czech;Predominantly heterosexual;Single (no partner);Bachelor's degree (Bc., BcA.);Large city over 100 000 inhabitants;15 000-30 000 CZK/month;Male;24;Bachelor's degree
09/10/2024 11:48;09/10/2024 14:44;100;10516;TRUE;09/10/2024 14:44;R_8nDCXVbIetmgSYj;CS;70;Block 7;Agreed;Female;Female;24;Czech;Predominantly heterosexual;Serious relationship;Bachelor's degree (Bc., BcA.);Large city over 100 000 inhabitants;15 000-30 000 CZK/month;Female;24;Bachelor's degree
09/10/2024 14:44;09/10/2024 15:07;100;1350;TRUE;09/10/2024 15:07;R_8uqEv1qXSLBEUiy;CS;71;Block 5;Agreed;Female;Female;24;Czech;Predominantly heterosexual;Serious relationship;Bachelor's degree (Bc., BcA.);Large city over 100 000 inhabitants;15 000-30 000 CZK/month;Female;24;Bachelor's degree
09/10/2024 15:07;09/10/2024 15:41;100;1997;TRUE;09/10/2024 15:41;R_8DiP5HBBrAAVEIm;CS;72;Block 2;Agreed;Female;Female;21;Czech;Rather homosexual;Serious relationship;High school with diploma;Municipality with 1001-5000 inhabitants;up to 15 000 CZK/month;Female;21;High school
09/10/2024 15:42;09/10/2024 15:53;100;691;TRUE;09/10/2024 15:53;R_8gSAVS9elfI3Mof;CS;73;Block 6;Agreed;Female;Female;25;Slovak;Rather homosexual;non-binding relationship;Bachelor's degree (Bc., BcA.);Large city over 100 000 inhabitants;up to 15 000 CZK/month;Female;25;Bachelor's degree
09/10/2024 15:55;09/10/2024 16:39;100;2636;TRUE;09/10/2024 16:39;R_2qgHNkIaZCK2ftK;CS;74;Block 10;Agreed;Female;Female;23;Czech;Rather homosexual;Single (no partner), non-binding relationship;Bachelor's degree (Bc., BcA.);Large city over 100 000 inhabitants;up to 15 000 CZK/month;Female;23;Bachelor's degree
09/10/2024 16:40;09/10/2024 17:46;100;4004;TRUE;09/10/2024 17:46;R_2AX4emIIKbByL1Y;CS;75;Block 5;Agreed;Male;Male;20;Ukrainian;Predominantly heterosexual;Single (no partner);High school with a certificate of completion;Large city over 100 000 inhabitants;15 000-30 000 CZK/month;Male;20;High school
09/10/2024 17:47;09/10/2024 18:05;100;1043;TRUE;09/10/2024 18:05;R_8NoauKQGtOG1xD3;CS;76;Block 5;Agreed;Female;Female;20;Slovak;Predominantly heterosexual;Serious relationship;High school with diploma;Large city over 100 000 inhabitants;up to 15 000 CZK/month;Female;20;High school
09/10/2024 18:05;09/10/2024 18:31;100;1544;TRUE;09/10/2024 18:31;R_210qHRLw7znb652;CS;77;Block 6;Agreed;Male;Male;25;Czech;Exclusively heterosexual;Serious relationship;Bachelor's degree (Bc., BcA.);Large city over 100 000 inhabitants;15 000-30 000 CZK/month;Male;25;Bachelor's degree
10/10/2024 07:40;10/10/2024 08:33;100;3157;TRUE;10/10/2024 08:33;R_8EaH6JRwwfqxEO1;CS;78;Block 6;Agreed;Female;Female;24;Czech;Exclusively heterosexual;Serious relationship;Bachelor's degree (Bc., BcA.);Municipality with 5001-20 000 inhabitants;15 000-30 000 CZK/month;Female;24;Bachelor's degree
10/10/2024 08:34;10/10/2024 09:34;100;3605;TRUE;10/10/2024 09:34;R_8kIoSqMCh0D5Uhx;CS;79;Block 6;Agreed;Female;Female;22;Czech;Exclusively heterosexual;Serious relationship;Bachelor's degree (Bc., BcA.);City with 20 001-50 000 inhabitants;up to 15 000 CZK/month;Female;22;Bachelor's degree
10/10/2024 09:35;10/10/2024 09:59;100;1454;TRUE;10/10/2024 09:59;R_8S34GU1qwRq7dvj;CS;80;Block 9;Agreed;Female;Female;24;Czech;Predominantly heterosexual;Serious relationship;Bachelor's degree (Bc., BcA.);Large city over 100 000 inhabitants;up to 15 000 CZK/month;Female;24;Bachelor's degree
10/10/2024 10:33;10/10/2024 11:15;100;2545;TRUE;10/10/2024 11:15;R_20rbxd2S8dHc2X8;CS;81;Block 8;Agreed;Female;Female;21;Czech;Predominantly heterosexual;Serious relationship;High school with diploma;Municipalities up to 1000 inhabitants;up to 15 000 CZK/month;Female;21;High school
10/10/2024 11:16;10/10/2024 12:04;100;2859;TRUE;10/10/2024 12:04;R_8FImSL3ex37wrFC;CS;82;Block 3;Agreed;Female;Female;19;Czech;Exclusively heterosexual;Single (no partner);High school with diploma;Large city over 100 000 inhabitants;up to 15 000 CZK/month;Female;19;High school
10/10/2024 12:05;10/10/2024 12:28;100;1389;TRUE;10/10/2024 12:28;R_8fGD70zfcTH3gLE;CS;83;Block 6;Agreed;Female;Female;20;Ukrainian;Predominantly heterosexual;Serious relationship;High school with diploma;Large city over 100 000 inhabitants;up to 15 000 CZK/month;Female;20;High school
10/10/2024 12:31;10/10/2024 13:28;100;3434;TRUE;10/10/2024 13:28;R_8oAz79y3eNoJO5J;CS;84;Block 5;Agreed;Female;Male;21;Czech;Rather homosexual;Serious relationship;High school with diploma;Municipalities up to 1000 inhabitants;up to 15 000 CZK/month;Male;21;High school
10/10/2024 13:29;10/10/2024 14:05;100;2176;TRUE;10/10/2024 14:05;R_2j1G6HutwJKBZ96;CS;85;Block 3;Agreed;Female;Female;19;Czech;Rather heterosexual;non-binding relationship;High school with diploma;City with 20 001-50 000 inhabitants;up to 15 000 CZK/month;Female;19;High school
10/10/2024 14:06;10/10/2024 14:20;100;858;TRUE;10/10/2024 14:20;R_2dtq1iRPUdDOxFX;CS;86;Block 4;Agreed;Male;Male;23;Czech;Predominantly heterosexual;Single (no partner);Bachelor's degree (Bc., BcA.);Large city over 100 000 inhabitants;15 000-30 000 CZK/month;Male;23;Bachelor's degree
10/10/2024 14:22;10/10/2024 15:05;100;2610;TRUE;10/10/2024 15:05;R_80SPua1le5WPS04;CS;87;Block 7;Agreed;Female;Female;18;Czech;Exclusively heterosexual;Single (no partner);Elementary school;Large city over 100 000 inhabitants;up to 15 000 CZK/month;Female;18;Elementary school
10/10/2024 15:06;10/10/2024 16:05;100;3521;TRUE;10/10/2024 16:05;R_8QMt22ruBooXt6p;CS;88;Block 6;Agreed;Female;Female;22;Czech;Exclusively heterosexual;Single (no partner);Bachelor's degree (Bc., BcA.);Municipalities up to 1000 inhabitants;up to 15 000 CZK/month;Female;22;Bachelor's degree
10/10/2024 16:05;10/10/2024 17:07;100;3711;TRUE;10/10/2024 17:07;R_8F9h94VW9AyCpni;CS;89;Block 2;Agreed;Female;Female;19;Czech;Exclusively heterosexual;Serious relationship;High school with diploma;Municipality with 1001-5000 inhabitants;up to 15 000 CZK/month;Female;19;High school
10/10/2024 17:08;10/10/2024 17:42;100;2046;TRUE;10/10/2024 17:42;R_8GRdUpLVx0Ph4xr;CS;90;Block 3;Agreed;Female;Female;26;Czech;Exclusively heterosexual;Serious relationship;Master's degree (Mgr., MgA., Ing., MUDr., RNDr., PhDr., PharmDr., etc.);Municipalities up to 1000 inhabitants;15 000-30 000 CZK/month;Female;26;Master's degree
14/10/2024 08:34;14/10/2024 09:11;100;2217;TRUE;14/10/2024 09:11;R_8vuG6S8YbXEqs4p;CS;91;Block 7;Agreed;Female;Female;24;Czech;Predominantly heterosexual;Single (no partner);Bachelor's degree (Bc., BcA.);Municipality with 5001-20 000 inhabitants;up to 15 000 CZK/month;Female;24;Bachelor's degree
14/10/2024 09:12;14/10/2024 09:51;100;2355;TRUE;14/10/2024 09:51;R_82m0ntoQ4UeSafV;CS;92;Block 4;Agreed;Female;Female;22;Slovak;Exclusively heterosexual;Single (no partner);Bachelor's degree (Bc., BcA.);Municipality with 1001-5000 inhabitants;up to 15 000 CZK/month;Female;22;Bachelor's degree
14/10/2024 09:52;14/10/2024 11:03;100;4232;TRUE;14/10/2024 11:03;R_2qc42DxeXeUvIm5;CS;93;Block 4;Agreed;Male;Male;20;Czech;Predominantly heterosexual;Serious relationship;High school with diploma;Large city over 100 000 inhabitants;up to 15 000 CZK/month;Male;20;High school
14/10/2024 11:03;14/10/2024 11:27;100;1435;TRUE;14/10/2024 11:27;R_27WrWyCJAgDf2Bo;CS;94;Block 11;Agreed;Female;Female;21;Russian;Predominantly heterosexual;Single (no partner);High school with diploma;Large city over 100 000 inhabitants;15 000-30 000 CZK/month;Female;21;High school
14/10/2024 11:30;14/10/2024 11:46;100;986;TRUE;14/10/2024 11:46;R_2Ow3dejQ7RWsv2W;CS;95;Block 10;Agreed;Female;Female;21;Russian;Bisexual;non-binding relationship;High school with diploma;Large city over 100 000 inhabitants;up to 15 000 CZK/month;Female;21;High school
14/10/2024 11:47;14/10/2024 12:01;100;837;TRUE;14/10/2024 12:01;R_2fl0rm2JaMsq4wx;CS;96;Block 8;Agreed;Female;Female;21;Ukrainian;Predominantly heterosexual;Single (no partner);Bachelor's degree (Bc., BcA.);Large city over 100 000 inhabitants;up to 15 000 CZK/month;Female;21;Bachelor's degree
14/10/2024 12:46;14/10/2024 13:14;100;1672;TRUE;14/10/2024 13:14;R_2lz4kmx0wY4Fsi8;CS;97;Block 7;Agreed;Female;Female;20;Czech;Exclusively heterosexual;Single (no partner);High school with diploma;Municipality with 1001-5000 inhabitants;up to 15 000 CZK/month;Female;20;High school
14/10/2024 13:17;14/10/2024 13:59;100;2569;TRUE;14/10/2024 13:59;R_2iouSx8QKRbXsCR;CS;98;Block 1;Agreed;Female;Female;32;Czech;Predominantly heterosexual;Serious relationship;Master's degree (Mgr., MgA., Ing., MUDr., RNDr., PhDr., PharmDr., etc.);Large city over 100 000 inhabitants;15 000-30 000 CZK/month;Female;32;Master's degree
14/10/2024 14:00;14/10/2024 14:39;100;2305;TRUE;14/10/2024 14:39;R_2dnorKTuThN4GrD;CS;99;Block 8;Agreed;Female;Female;19;Slovak;Predominantly heterosexual;Serious relationship;High school with diploma;Large city over 100 000 inhabitants;up to 15 000 CZK/month;Female;19;High school
14/10/2024 14:41;14/10/2024 15:06;100;1477;TRUE;14/10/2024 15:06;R_8U9jCXllB1FW1rc;CS;100;Block 2;Agreed;Male;Male;19;Czech;Exclusively heterosexual;Single (no partner);High school with diploma;Large city over 100 000 inhabitants;up to 15 000 CZK/month;Male;19;High school
14/10/2024 15:07;14/10/2024 15:18;100;676;TRUE;14/10/2024 15:18;R_8lS9IVcEPHHrGFz;CS;101;Block 2;Agreed;Female;Female;21;Czech;Exclusively homosexual;Single (no partner);High school with diploma;M?sto s 50 001-100 000 obyvateli;up to 15 000 CZK/month;Female;21;High school
14/10/2024 15:20;14/10/2024 15:55;100;2078;TRUE;14/10/2024 15:55;R_8sdKWFwU3oGTsCp;CS;102;Block 7;Agreed;Female;Female;22;Czech;Predominantly heterosexual;Serious relationship;High school with diploma;Large city over 100 000 inhabitants;up to 15 000 CZK/month;Female;22;High school
14/10/2024 15:57;14/10/2024 16:16;100;1163;TRUE;14/10/2024 16:16;R_2mlPmCSDA5wsOrz;CS;103;Block 9;Agreed;Female;Female;26;Czech;Predominantly heterosexual;Marriage / registered partnership;Master's degree (Mgr., MgA., Ing., MUDr., RNDr., PhDr., PharmDr., etc.);Large city over 100 000 inhabitants;30 000-50 000 CZK/month;Female;26;Master's degree
15/10/2024 08:35;15/10/2024 09:19;100;2683;TRUE;15/10/2024 09:19;R_8MFgv4pS8rYyn1o;CS;104;Block 10;Agreed;Female;Female;21;Czech;Bisexual;Single (no partner);High school with diploma;Municipality with 1001-5000 inhabitants;15 000-30 000 CZK/month;Female;21;High school
15/10/2024 09:20;15/10/2024 10:04;100;2597;TRUE;15/10/2024 10:04;R_21jf2mPype9yhsM;CS;105;Block 8;Agreed;Female;Female;26;Russian;Exclusively heterosexual;Serious relationship;High school with diploma;Large city over 100 000 inhabitants;up to 15 000 CZK/month;Female;26;High school
15/10/2024 10:04;15/10/2024 11:12;100;4054;TRUE;15/10/2024 11:12;R_2KkZRhC1Z4E4ESZ;CS;106;Block 1;Agreed;Female;Female;19;Czech;Exclusively heterosexual;Single (no partner);High school with diploma;Large city over 100 000 inhabitants;up to 15 000 CZK/month;Female;19;High school
15/10/2024 11:13;15/10/2024 11:45;100;1927;TRUE;15/10/2024 11:45;R_2Pd3DruF91NHrbw;CS;107;Block 5;Agreed;Female;Female;20;Czech;Bisexual;Single (no partner);High school with diploma;Large city over 100 000 inhabitants;up to 15 000 CZK/month;Female;20;High school
15/10/2024 11:46;15/10/2024 12:21;100;2149;TRUE;15/10/2024 12:21;R_8cZCM4aaDyZa4ZI;CS;108;Block 4;Agreed;Male;Male;23;Czech;Exclusively heterosexual;Serious relationship;Bachelor's degree (Bc., BcA.);Large city over 100 000 inhabitants;up to 15 000 CZK/month;Male;23;Bachelor's degree
15/10/2024 12:22;15/10/2024 13:30;100;4073;TRUE;15/10/2024 13:30;R_2UGuPfGa8v1MBdD;CS;109;Block 11;Agreed;Male;Male;22;Czech;Predominantly heterosexual;Serious relationship;High school with diploma;Municipality with 1001-5000 inhabitants;up to 15 000 CZK/month;Male;22;High school
15/10/2024 13:31;15/10/2024 13:56;100;1510;TRUE;15/10/2024 13:56;R_2jrHjMX8ctXC7dy;CS;110;Block 9;Agreed;Female;Female;24;Czech;Bisexual;Serious relationship;Bachelor's degree (Bc., BcA.);Large city over 100 000 inhabitants;up to 15 000 CZK/month;Female;24;Bachelor's degree
15/10/2024 14:04;15/10/2024 14:37;100;1967;TRUE;15/10/2024 14:37;R_2KBmoWkZDyyQwYn;CS;111;Block 6;Agreed;Female;Female;27;Czech;Exclusively heterosexual;Marriage / registered partnership;Bachelor's degree (Bc., BcA.);Large city over 100 000 inhabitants;15 000-30 000 CZK/month;Female;27;Bachelor's degree
15/10/2024 14:38;15/10/2024 15:11;100;1924;TRUE;15/10/2024 15:11;R_22zaMb4wbgrYhSq;CS;112;Block 4;Agreed;Female;Female;26;Czech;Exclusively heterosexual;Serious relationship;Bachelor's degree (Bc., BcA.);Large city over 100 000 inhabitants;15 000-30 000 CZK/month;Female;26;Bachelor's degree
15/10/2024 15:11;15/10/2024 15:24;100;792;TRUE;15/10/2024 15:24;R_2XeaLM4nzVhlCqB;CS;113;Block 10;Agreed;Male;Female;25;Czech;Bisexual;Serious relationship;Master's degree (Mgr., MgA., Ing., MUDr., RNDr., PhDr., PharmDr., etc.);Large city over 100 000 inhabitants;15 000-30 000 CZK/month;Female;25;Master's degree
15/10/2024 15:25;15/10/2024 16:01;100;2175;TRUE;15/10/2024 16:01;R_8wRd2hKe5kia2Sc;CS;114;Block 8;Agreed;Female;Female;20;Czech;Exclusively heterosexual;Single (no partner);High school with diploma;Municipalities up to 1000 inhabitants;up to 15 000 CZK/month;Female;20;High school
15/10/2024 16:04;15/10/2024 16:37;100;2014;TRUE;15/10/2024 16:37;R_2Q5ErG75hkBN1pG;CS;115;Block 6;Agreed;Female;Female;20;Czech;Predominantly heterosexual;Serious relationship;High school with diploma;M?sto s 50 001-100 000 obyvateli;up to 15 000 CZK/month;Female;20;High school
15/10/2024 16:39;15/10/2024 17:31;100;3157;TRUE;15/10/2024 17:31;R_2iBWvusJZk1aZsB;CS;116;Block 7;Agreed;Female;Female;21;Czech;Rather heterosexual;Single (no partner);High school with diploma;Municipality with 5001-20 000 inhabitants;up to 15 000 CZK/month;Female;21;High school
15/10/2024 17:34;15/10/2024 18:08;100;2013;TRUE;15/10/2024 18:08;R_2Cs7QUzHhcGg12X;CS;117;Block 1;Agreed;Female;Female;20;Czech;Bisexual;non-binding relationship;High school with diploma;Large city over 100 000 inhabitants;up to 15 000 CZK/month;Female;20;High school
16/10/2024 08:48;16/10/2024 09:44;100;3405;TRUE;16/10/2024 09:44;R_8LcI2GfWu5r8Gwo;CS;118;Block 3;Agreed;Female;Female;19;Czech;Predominantly heterosexual;Serious relationship;Elementary school;Large city over 100 000 inhabitants;up to 15 000 CZK/month;Female;19;Elementary school
16/10/2024 09:47;16/10/2024 11:13;100;5110;TRUE;16/10/2024 11:13;R_2ayIqvLemOCjYjC;CS;119;Block 10;Agreed;Male;Male;20;USA;Exclusively heterosexual;Serious relationship;High school with diploma;Large city over 100 000 inhabitants;up to 15 000 CZK/month;Male;20;High school
16/10/2024 11:13;16/10/2024 11:41;100;1682;TRUE;16/10/2024 11:42;R_8lGng1qpwSCVIAW;CS;120;Block 2;Agreed;Female;Female;22;Czech;Predominantly heterosexual;Serious relationship;Bachelor's degree (Bc., BcA.);Large city over 100 000 inhabitants;up to 15 000 CZK/month;Female;22;Bachelor's degree
16/10/2024 11:43;16/10/2024 13:32;100;6578;TRUE;16/10/2024 13:32;R_2Oqyinuve2Sw3JG;CS;121;Block 11;Agreed;Female;Female;25;Czech;Exclusively heterosexual;Serious relationship;Master's degree (Mgr., MgA., Ing., MUDr., RNDr., PhDr., PharmDr., etc.);Large city over 100 000 inhabitants;up to 15 000 CZK/month;Female;25;Master's degree
16/10/2024 13:34;16/10/2024 14:08;100;2005;TRUE;16/10/2024 14:08;R_2So6iUWjjI7XOil;CS;122;Block 1;Agreed;Female;Female;22;Czech;Bisexual;Single (no partner);High school with diploma;Municipality with 1001-5000 inhabitants;up to 15 000 CZK/month;Female;22;High school
16/10/2024 14:08;16/10/2024 14:38;100;1766;TRUE;16/10/2024 14:38;R_2IvcI1FDtUHdfmf;CS;123;Block 3;Agreed;Female;Female;23;Czech;Predominantly heterosexual;Single (no partner);Bachelor's degree (Bc., BcA.);M?sto s 50 001-100 000 obyvateli;up to 15 000 CZK/month;Female;23;Bachelor's degree
16/10/2024 14:38;16/10/2024 15:12;100;2032;TRUE;16/10/2024 15:12;R_2scqmzkTtBpi6QO;CS;124;Block 3;Agreed;Female;Female;22;Czech;Rather heterosexual;Single (no partner);High school with diploma;Large city over 100 000 inhabitants;up to 15 000 CZK/month;Female;22;High school
16/10/2024 15:13;16/10/2024 16:01;100;2865;TRUE;16/10/2024 16:01;R_8nvcd90nCQaBi38;CS;125;Block 7;Agreed;Female;Female;35;Czech;Exclusively heterosexual;Serious relationship;Master's degree (Mgr., MgA., Ing., MUDr., RNDr., PhDr., PharmDr., etc.);Large city over 100 000 inhabitants;30 000-50 000 CZK/month;Female;35;Master's degree
16/10/2024 16:02;16/10/2024 16:44;100;2574;TRUE;16/10/2024 16:45;R_8YLpebVErNC4QrX;CS;126;Block 4;Agreed;Female;Female;21;Czech;Predominantly heterosexual;Serious relationship;High school with diploma;M?sto s 50 001-100 000 obyvateli;up to 15 000 CZK/month;Female;21;High school
16/10/2024 16:47;16/10/2024 17:27;100;2446;TRUE;16/10/2024 17:28;R_8scnRbRfPcSH9jO;CS;127;Block 10;Agreed;Female;Female;21;Czech;Exclusively heterosexual;Single (no partner);High school with diploma;Large city over 100 000 inhabitants;up to 15 000 CZK/month;Female;21;High school
16/10/2024 18:06;16/10/2024 18:56;100;2999;TRUE;16/10/2024 18:56;R_2KUwszmmoSG56Ip;CS;128;Block 11;Agreed;Female;Female;19;Slovak;Predominantly heterosexual;Serious relationship;High school with diploma;Large city over 100 000 inhabitants;up to 15 000 CZK/month;Female;19;High school
17/10/2024 08:38;17/10/2024 09:27;100;2942;TRUE;17/10/2024 09:27;R_82FvkRPdtOLNFRb;CS;129;Block 11;Agreed;Agender;Female;23;Czech;Bisexual;Serious relationship;High school with diploma;City with 20 001-50 000 inhabitants;up to 15 000 CZK/month;Female;23;High school
17/10/2024 09:29;17/10/2024 11:54;100;8727;TRUE;17/10/2024 11:54;R_2PJEQq145XAd3MJ;CS;130;Block 2;Agreed;Female;Female;23;Czech;Predominantly heterosexual;Single (no partner);Bachelor's degree (Bc., BcA.);Large city over 100 000 inhabitants;up to 15 000 CZK/month;Female;23;Bachelor's degree
17/10/2024 11:55;17/10/2024 12:30;100;2098;TRUE;17/10/2024 12:30;R_20v1vLbP1CZU3h2;CS;131;Block 3;Agreed;Male;Male;21;Czech;Exclusively heterosexual;Serious relationship;High school with diploma;Municipalities up to 1000 inhabitants;up to 15 000 CZK/month;Male;21;High school
17/10/2024 12:30;17/10/2024 13:44;100;4397;TRUE;17/10/2024 13:44;R_20j4CdKJWyXFwkh;CS;132;Block 7;Agreed;Female;Female;23;Czech;Rather heterosexual;Single (no partner);High school with diploma;Large city over 100 000 inhabitants;up to 15 000 CZK/month;Female;23;High school
17/10/2024 13:45;17/10/2024 14:02;100;971;TRUE;17/10/2024 14:02;R_237w1XChCh0KIXD;CS;133;Block 5;Agreed;Female;Female;24;Czech;Bisexual;Serious relationship;High school with diploma;Large city over 100 000 inhabitants;up to 15 000 CZK/month;Female;24;High school
17/10/2024 14:03;17/10/2024 14:28;100;1543;TRUE;17/10/2024 14:28;R_2CdLV1CXcGLPZdD;CS;134;Block 8;Agreed;Female;Female;20;Czech;Exclusively heterosexual;Single (no partner);High school with diploma;Municipalities up to 1000 inhabitants;up to 15 000 CZK/month;Female;20;High school
17/10/2024 14:30;17/10/2024 15:01;100;1855;TRUE;17/10/2024 15:01;R_81aSzOviEsaCHTA;CS;135;Block 1;Agreed;Female;Female;24;Czech;Exclusively heterosexual;Serious relationship;Bachelor's degree (Bc., BcA.);Large city over 100 000 inhabitants;up to 15 000 CZK/month;Female;24;Bachelor's degree
17/10/2024 15:01;17/10/2024 15:45;100;2645;TRUE;17/10/2024 15:45;R_8CHwcGzUQpV3roY;CS;136;Block 11;Agreed;Male;Male;19;Ukrainian;Exclusively heterosexual;Single (no partner);High school with diploma;Large city over 100 000 inhabitants;up to 15 000 CZK/month;Male;19;High school
16/10/2024 17:30;16/10/2024 18:03;100;2007;TRUE;16/10/2024 18:03;R_82ESqdQ3Smnx0g9;CS;137;Block 10;Agreed;Female;Female;23;Czech;Exclusively heterosexual;Serious relationship;Bachelor's degree (Bc., BcA.);Large city over 100 000 inhabitants;15 000-30 000 CZK/month;Female;23;Bachelor's degree
17/10/2024 16:36;17/10/2024 17:12;100;2150;TRUE;17/10/2024 17:12;R_8pxq4YticiwjQ0P;CS;138;Block 7;Agreed;Female;Female;21;Czech;Predominantly heterosexual;Single (no partner);High school with diploma;Large city over 100 000 inhabitants;up to 15 000 CZK/month;Female;21;High school
17/10/2024 17:12;17/10/2024 18:00;100;2868;TRUE;17/10/2024 18:00;R_8tbxIMqmJ0mT1Qd;CS;139;Block 4;Agreed;Male;Male;25;Czech;Exclusively heterosexual;Single (no partner);Master's degree (Mgr., MgA., Ing., MUDr., RNDr., PhDr., PharmDr., etc.);Municipalities up to 1000 inhabitants;30 000-50 000 CZK/month;Male;25;Master's degree
21/10/2024 09:06;21/10/2024 09:39;100;1961;TRUE;21/10/2024 09:39;R_2PNREVfi16YqQZ4;CS;140;Block 7;Agreed;Female;Female;20;Czech;Exclusively heterosexual;Serious relationship;High school with diploma;M?sto s 50 001-100 000 obyvateli;up to 15 000 CZK/month;Female;20;High school
21/10/2024 09:40;21/10/2024 10:14;100;2045;TRUE;21/10/2024 10:14;R_2jxCybSEM6O3l5U;CS;141;Block 1;Agreed;Female;Female;21;Czech;Predominantly heterosexual;Single (no partner);High school with diploma;Municipality with 1001-5000 inhabitants;up to 15 000 CZK/month;Female;21;High school
21/10/2024 11:00;21/10/2024 11:13;100;742;TRUE;21/10/2024 11:13;R_2rdDfVBuInagszG;CS;142;Block 4;Agreed;Agender;Female;20;Czech;Bisexual;Single (no partner);High school with diploma;Large city over 100 000 inhabitants;up to 15 000 CZK/month;Female;20;High school
21/10/2024 11:13;21/10/2024 11:33;100;1156;TRUE;21/10/2024 11:33;R_857j4eyQllpPTS9;CS;143;Block 4;Agreed;Female;Female;23;Czech;Bisexual;Serious relationship;Bachelor's degree (Bc., BcA.);Large city over 100 000 inhabitants;up to 15 000 CZK/month;Female;23;Bachelor's degree
21/10/2024 11:34;21/10/2024 12:31;100;3402;TRUE;21/10/2024 12:31;R_84tGzNYq7VDwGAu;CS;144;Block 9;Agreed;Male;Male;22;Slovak;Exclusively heterosexual;Serious relationship;High school with diploma;M?sto s 50 001-100 000 obyvateli;up to 15 000 CZK/month;Male;22;High school
21/10/2024 12:32;21/10/2024 13:36;100;3822;TRUE;21/10/2024 13:36;R_8rxgUKCec9Jeamk;CS;145;Block 4;Agreed;Female;Female;22;Russian;Exclusively heterosexual;Single (no partner);High school with diploma;Large city over 100 000 inhabitants;up to 15 000 CZK/month;Female;22;High school
21/10/2024 13:37;21/10/2024 14:27;100;2964;TRUE;21/10/2024 14:27;R_2bVpPdqOOVyRIFr;CS;146;Block 9;Agreed;Male;Male;22;Czech;Exclusively heterosexual;Single (no partner);Bachelor's degree (Bc., BcA.);Large city over 100 000 inhabitants;up to 15 000 CZK/month;Male;22;Bachelor's degree
21/10/2024 14:29;21/10/2024 15:25;100;3349;TRUE;21/10/2024 15:25;R_8HRaGUOv5efxREB;CS;147;Block 2;Agreed;Male;Male;20;Czech;Predominantly heterosexual;Single (no partner);High school with diploma;Municipalities up to 1000 inhabitants;up to 15 000 CZK/month;Male;20;High school
21/10/2024 15:26;21/10/2024 17:47;100;8479;TRUE;21/10/2024 17:47;R_81HrrqMzCsxGEko;CS;148;Block 3;Agreed;Female;Female;23;Czech;Predominantly heterosexual;Serious relationship;Bachelor's degree (Bc., BcA.);Municipalities up to 1000 inhabitants;up to 15 000 CZK/month;Female;23;Bachelor's degree
22/10/2024 07:48;22/10/2024 08:45;100;3426;TRUE;22/10/2024 08:45;R_2YryYfyOYE9uJzj;CS;149;Block 4;Agreed;Female;Female;25;Czech;Exclusively heterosexual;Serious relationship;Bachelor's degree (Bc., BcA.);Large city over 100 000 inhabitants;up to 15 000 CZK/month;Female;25;Bachelor's degree
22/10/2024 08:47;22/10/2024 11:07;100;8420;TRUE;22/10/2024 11:07;R_8Z9AaJWBqB9tup3;CS;150;Block 1;Agreed;Female;Female;22;Czech;Rather heterosexual;Single (no partner);Bachelor's degree (Bc., BcA.);Large city over 100 000 inhabitants;up to 15 000 CZK/month;Female;22;Bachelor's degree
22/10/2024 11:08;22/10/2024 11:34;100;1556;TRUE;22/10/2024 11:34;R_2Ks6mDJq9I809Mn;CS;151;Block 9;Agreed;Male;Male;21;Czech;Exclusively heterosexual;Single (no partner);High school with diploma;Large city over 100 000 inhabitants;up to 15 000 CZK/month;Male;21;High school
22/10/2024 11:35;22/10/2024 12:15;100;2419;TRUE;22/10/2024 12:15;R_8OqXyL2U9e8t8dP;CS;152;Block 8;Agreed;Male;Male;20;Czech;Exclusively heterosexual;Single (no partner);High school with diploma;Large city over 100 000 inhabitants;up to 15 000 CZK/month;Male;20;High school
22/10/2024 12:16;22/10/2024 13:26;100;4170;TRUE;22/10/2024 13:26;R_8Ivcyg4gV7STrF3;CS;153;Block 8;Agreed;Female;Female;22;Czech;Predominantly heterosexual;Serious relationship;Bachelor's degree (Bc., BcA.);City with 20 001-50 000 inhabitants;up to 15 000 CZK/month;Female;22;Bachelor's degree
22/10/2024 13:27;22/10/2024 14:04;100;2209;TRUE;22/10/2024 14:04;R_2SvqltKMzfobJSG;CS;154;Block 9;Agreed;Female;Female;25;Czech;Bisexual;Serious relationship;Bachelor's degree (Bc., BcA.);Large city over 100 000 inhabitants;up to 15 000 CZK/month;Female;25;Bachelor's degree
22/10/2024 14:04;22/10/2024 14:34;100;1812;TRUE;22/10/2024 14:34;R_8mrr7bcntAEfifH;CS;155;Block 11;Agreed;Female;Female;20;Czech;Predominantly heterosexual;Serious relationship;High school with diploma;Municipalities up to 1000 inhabitants;up to 15 000 CZK/month;Female;20;High school
22/10/2024 14:35;22/10/2024 15:09;100;2032;TRUE;22/10/2024 15:09;R_83xsXsaAEAWRM0J;CS;156;Block 8;Agreed;Female;Female;21;Czech;Bisexual;Serious relationship;High school with diploma;Large city over 100 000 inhabitants;up to 15 000 CZK/month;Female;21;High school
22/10/2024 15:33;22/10/2024 15:43;100;600;TRUE;22/10/2024 15:43;R_8EKWw64VaPf4o7f;CS;157;Block 7;Agreed;Female;Female;22;Czech;Predominantly heterosexual;Single (no partner);High school with diploma;M?sto s 50 001-100 000 obyvateli;up to 15 000 CZK/month;Female;22;High school
22/10/2024 15:10;22/10/2024 15:32;100;1315;TRUE;22/10/2024 15:32;R_8PJ8L9AcLpRDRct;CS;158;Block 2;Agreed;Female;Female;20;Czech;Exclusively heterosexual;Single (no partner);High school with diploma;Municipalities up to 1000 inhabitants;up to 15 000 CZK/month;Female;20;High school
22/10/2024 15:44;22/10/2024 16:43;100;3493;TRUE;22/10/2024 16:43;R_8FQBkT2qpXTzubT;CS;159;Block 9;Agreed;Male;Male;30;Czech;Exclusively heterosexual;Marriage / registered partnership;Master's degree (Mgr., MgA., Ing., MUDr., RNDr., PhDr., PharmDr., etc.);Large city over 100 000 inhabitants;30 000-50 000 CZK/month;Male;30;Master's degree
22/10/2024 16:44;22/10/2024 17:15;100;1864;TRUE;22/10/2024 17:15;R_2GlIj8m02QQbLWo;CS;160;Block 9;Agreed;Female;Female;23;Czech;Predominantly heterosexual;Single (no partner);Bachelor's degree (Bc., BcA.);Municipality with 1001-5000 inhabitants;up to 15 000 CZK/month;Female;23;Bachelor's degree
22/10/2024 17:16;22/10/2024 17:49;100;1963;TRUE;22/10/2024 17:49;R_8uPbddaNSG3xDTr;CS;161;Block 5;Agreed;Female;Female;24;Slovak;Exclusively heterosexual;Single (no partner);Bachelor's degree (Bc., BcA.);Municipality with 5001-20 000 inhabitants;up to 15 000 CZK/month;Female;24;Bachelor's degree
22/10/2024 17:51;22/10/2024 18:32;100;2484;TRUE;22/10/2024 18:32;R_8V8Rzp7QT0McnOW;CS;162;Block 2;Agreed;Male;Male;27;Czech;Exclusively heterosexual;Serious relationship;Master's degree (Mgr., MgA., Ing., MUDr., RNDr., PhDr., PharmDr., etc.);Large city over 100 000 inhabitants;15 000-30 000 CZK/month;Male;27;Master's degree
23/10/2024 08:24;23/10/2024 09:05;100;2449;TRUE;23/10/2024 09:05;R_2dpqhDXWpvr1XrF;CS;163;Block 2;Agreed;Female;Female;24;Czech;Exclusively heterosexual;Single (no partner);Bachelor's degree (Bc., BcA.);Large city over 100 000 inhabitants;up to 15 000 CZK/month;Female;24;Bachelor's degree
23/10/2024 09:06;23/10/2024 09:39;100;1990;TRUE;23/10/2024 09:39;R_2dGnYKU1fVPKPFK;CS;164;Block 1;Agreed;Female;Female;25;Slovak;Exclusively heterosexual;Single (no partner);High school with diploma;Large city over 100 000 inhabitants;up to 15 000 CZK/month;Female;25;High school
23/10/2024 09:39;23/10/2024 11:22;100;6134;TRUE;23/10/2024 11:22;R_2FLky2ImvNWxd49;CS;165;Block 9;Agreed;Nonbinary;Female;20;Czech;Bisexual;Single (no partner);High school with diploma;Large city over 100 000 inhabitants;up to 15 000 CZK/month;Female;20;High school
23/10/2024 11:23;23/10/2024 11:51;100;1677;TRUE;23/10/2024 11:51;R_8PYTyF8IJecww8V;CS;166;Block 1;Agreed;Female;Female;20;Czech;Predominantly heterosexual;Single (no partner);High school with diploma;Large city over 100 000 inhabitants;up to 15 000 CZK/month;Female;20;High school
23/10/2024 11:52;23/10/2024 12:18;100;1558;TRUE;23/10/2024 12:18;R_2DvzDIiDWAlXr21;CS;167;Block 11;Agreed;Female;Female;21;Czech;Rather heterosexual;Serious relationship;High school with diploma;Large city over 100 000 inhabitants;up to 15 000 CZK/month;Female;21;High school
23/10/2024 12:19;23/10/2024 14:08;100;6541;TRUE;23/10/2024 14:08;R_2e4mQbrHX8Nt5CN;CS;168;Block 3;Agreed;Female;Female;23;Czech;Bisexual;Serious relationship;Bachelor's degree (Bc., BcA.);Large city over 100 000 inhabitants;up to 15 000 CZK/month;Female;23;Bachelor's degree
23/10/2024 14:10;23/10/2024 14:32;100;1326;TRUE;23/10/2024 14:32;R_81Mc7q6Hmif2R5u;CS;169;Block 10;Agreed;Female;Female;21;Czech;Predominantly heterosexual;Serious relationship;High school with diploma;M?sto s 50 001-100 000 obyvateli;up to 15 000 CZK/month;Female;21;High school
23/10/2024 14:33;23/10/2024 17:17;100;9826;TRUE;23/10/2024 17:17;R_8eKLM9KUdJ0PlOm;CS;170;Block 6;Agreed;Female;Female;18;Czech;Predominantly heterosexual;Single (no partner);Elementary school;Large city over 100 000 inhabitants;up to 15 000 CZK/month;Female;18;Elementary school
23/10/2024 17:19;23/10/2024 17:47;100;1664;TRUE;23/10/2024 17:47;R_2473dTlzZmJBO9G;CS;171;Block 11;Agreed;Female;Female;25;Czech;Exclusively heterosexual;Serious relationship;Master's degree (Mgr., MgA., Ing., MUDr., RNDr., PhDr., PharmDr., etc.);City with 20 001-50 000 inhabitants;15 000-30 000 CZK/month;Female;25;Master's degree
23/10/2024 17:49;23/10/2024 18:34;100;2728;TRUE;23/10/2024 18:34;R_8jHCvdJbIVf1IiG;CS;172;Block 6;Agreed;Male;Male;19;Czech;Exclusively heterosexual;Single (no partner);High school with diploma;Municipalities up to 1000 inhabitants;up to 15 000 CZK/month;Male;19;High school
23/10/2024 18:35;23/10/2024 18:48;100;783;TRUE;23/10/2024 18:48;R_2ypwo7iIfeSL52p;CS;173;Block 3;Agreed;agender;Female;21;Czech;Bisexual;non-binding relationship;High school with diploma;Municipality with 1001-5000 inhabitants;15 000-30 000 CZK/month;Female;21;High school
24/10/2024 08:25;24/10/2024 09:00;100;2131;TRUE;24/10/2024 09:00;R_8mVx114g0o7giCB;CS;174;Block 6;Agreed;Male;Male;20;Czech;Exclusively heterosexual;Single (no partner);High school with diploma;Large city over 100 000 inhabitants;up to 15 000 CZK/month;Male;20;High school
24/10/2024 09:02;24/10/2024 09:46;100;2675;TRUE;24/10/2024 09:47;R_8NekafQNpPA85IU;CS;175;Block 2;Agreed;Female;Female;22;Czech;Rather heterosexual;Single (no partner);Bachelor's degree (Bc., BcA.);Large city over 100 000 inhabitants;up to 15 000 CZK/month;Female;22;Bachelor's degree
24/10/2024 09:48;24/10/2024 10:08;100;1212;TRUE;24/10/2024 10:08;R_8pSykQvkAdCVt6O;CS;176;Block 5;Agreed;Male;Male;21;Czech;Exclusively heterosexual;Serious relationship;High school with diploma;Municipalities up to 1000 inhabitants;up to 15 000 CZK/month;Male;21;High school
24/10/2024 10:10;24/10/2024 10:45;100;2082;TRUE;24/10/2024 10:45;R_2KiQM1AGLU8zDW9;CS;177;Block 7;Agreed;Male;Male;34;Czech;Predominantly homosexual;Single (no partner);Ph.D. degree;Large city over 100 000 inhabitants;30 000-50 000 CZK/month;Male;34;Ph.D. degree
24/10/2024 10:46;24/10/2024 11:15;100;1735;TRUE;24/10/2024 11:15;R_2EiudhfIaHP4eDE;CS;178;Block 2;Agreed;Female;Female;20;Czech;Exclusively heterosexual;Serious relationship;High school with diploma;Large city over 100 000 inhabitants;up to 15 000 CZK/month;Female;20;High school
24/10/2024 11:17;24/10/2024 11:57;100;2424;TRUE;24/10/2024 11:57;R_2OBr4cOXiCxZWEH;CS;179;Block 5;Agreed;Male;Male;21;Czech;Exclusively heterosexual;Serious relationship;High school with diploma;Large city over 100 000 inhabitants;up to 15 000 CZK/month;Male;21;High school
24/10/2024 11:58;24/10/2024 12:26;100;1670;TRUE;24/10/2024 12:26;R_82I1BZelBtkIFwJ;CS;180;Block 6;Agreed;Female;Female;20;Czech;Predominantly heterosexual;Single (no partner);High school with diploma;Large city over 100 000 inhabitants;up to 15 000 CZK/month;Female;20;High school
24/10/2024 12:27;24/10/2024 13:26;100;3517;TRUE;24/10/2024 13:26;R_8aFDy5y3vYEd4qF;CS;181;Block 6;Agreed;Female;Female;18;Czech;Bisexual;Single (no partner);Other;City with 20 001-50 000 inhabitants;over 50 000 CZK/month;Female;18;Other
24/10/2024 13:27;24/10/2024 13:42;100;879;TRUE;24/10/2024 13:42;R_8CvpDGTqrBdBZIh;CS;182;Block 8;Agreed;Female;Female;18;Czech;Exclusively heterosexual;Single (no partner);Elementary school;Municipality with 5001-20 000 inhabitants;up to 15 000 CZK/month;Female;18;Elementary school
24/10/2024 13:43;24/10/2024 14:08;100;1499;TRUE;24/10/2024 14:08;R_8hS1M0NsXXrltzX;CS;183;Block 9;Agreed;Female;Female;20;Mexican;Exclusively heterosexual;Serious relationship;High school with diploma;Large city over 100 000 inhabitants;up to 15 000 CZK/month;Female;20;High school
24/10/2024 14:09;24/10/2024 14:27;100;1073;TRUE;24/10/2024 14:27;R_2BRjEjExdIoxQJz;CS;184;Block 6;Agreed;Female;Female;19;Czech;Predominantly heterosexual;Single (no partner);High school with diploma;Municipality with 5001-20 000 inhabitants;up to 15 000 CZK/month;Female;19;High school
24/10/2024 14:28;24/10/2024 15:00;100;1927;TRUE;24/10/2024 15:00;R_86SfWHxsVMUE1gJ;CS;185;Block 5;Agreed;Female;Female;19;Czech;Predominantly heterosexual;Serious relationship;High school with diploma;Large city over 100 000 inhabitants;up to 15 000 CZK/month;Female;19;High school
24/10/2024 15:02;24/10/2024 16:39;100;5838;TRUE;24/10/2024 16:39;R_8OYGGUVh0vumkPR;CS;186;Block 5;Agreed;Female;Female;20;Czech;Exclusively heterosexual;Single (no partner);High school with diploma;M?sto s 50 001-100 000 obyvateli;up to 15 000 CZK/month;Female;20;High school
24/10/2024 16:40;24/10/2024 17:11;100;1834;TRUE;24/10/2024 17:11;R_8jHxu1mCGVaq2Uh;CS;187;Block 10;Agreed;Female;Female;20;Czech;Predominantly heterosexual;Serious relationship;High school with diploma;City with 20 001-50 000 inhabitants;up to 15 000 CZK/month;Female;20;High school
29/10/2024 08:26;29/10/2024 08:56;100;1799;TRUE;29/10/2024 08:56;R_2T47USVs2QWK2ul;CS;188;Block 4;Agreed;Female;Female;21;Czech;Predominantly heterosexual;Serious relationship;High school with diploma;Large city over 100 000 inhabitants;up to 15 000 CZK/month;Female;21;High school
29/10/2024 08:57;29/10/2024 09:36;100;2372;TRUE;29/10/2024 09:36;R_8XthCzVKTWgrW01;CS;189;Block 10;Agreed;Male;Male;20;Czech;Predominantly heterosexual;Single (no partner);High school with diploma;Large city over 100 000 inhabitants;up to 15 000 CZK/month;Male;20;High school
29/10/2024 09:48;29/10/2024 10:09;100;1276;TRUE;29/10/2024 10:09;R_2BwBuR2MWHLQgC5;CS;190;Block 7;Agreed;Male;Male;20;Czech;Exclusively heterosexual;non-binding relationship;High school with diploma;Large city over 100 000 inhabitants;up to 15 000 CZK/month;Male;20;High school
29/10/2024 10:10;29/10/2024 10:36;100;1574;TRUE;29/10/2024 10:36;R_2qgcU3H5kL1kQDQ;CS;191;Block 6;Agreed;Female;Female;22;Czech;Rather heterosexual;Serious relationship;Bachelor's degree (Bc., BcA.);Large city over 100 000 inhabitants;over 50 000 CZK/month;Female;22;Bachelor's degree
29/10/2024 10:37;29/10/2024 11:14;100;2261;TRUE;29/10/2024 11:14;R_8BQtp81my78VJI4;CS;192;Block 7;Agreed;Male;Male;23;Czech;Exclusively homosexual;Serious relationship;Bachelor's degree (Bc., BcA.);Large city over 100 000 inhabitants;up to 15 000 CZK/month;Male;23;Bachelor's degree
29/10/2024 11:16;29/10/2024 12:09;100;3192;TRUE;29/10/2024 12:09;R_2gdw3EOsLwfHeoK;CS;193;Block 5;Agreed;Female;Female;21;Czech;Bisexual;Single (no partner);High school with diploma;Large city over 100 000 inhabitants;up to 15 000 CZK/month;Female;21;High school
29/10/2024 12:10;29/10/2024 13:29;100;4742;TRUE;29/10/2024 13:29;R_8hl5XW90V27rm2B;CS;194;Block 3;Agreed;Male;Male;21;Czech;Exclusively heterosexual;Single (no partner);High school with diploma;Large city over 100 000 inhabitants;up to 15 000 CZK/month;Male;21;High school
29/10/2024 13:31;29/10/2024 14:56;100;5109;TRUE;29/10/2024 14:56;R_2a9nyc2LCSwL03B;CS;195;Block 4;Agreed;Female;Female;19;Czech;Bisexual;Serious relationship;High school with diploma;Large city over 100 000 inhabitants;up to 15 000 CZK/month;Female;19;High school
29/10/2024 14:57;29/10/2024 15:27;100;1794;TRUE;29/10/2024 15:27;R_8MATtf91up5SSEz;CS;196;Block 4;Agreed;Female;Female;20;Czech;Rather heterosexual;Serious relationship;High school with diploma;Large city over 100 000 inhabitants;up to 15 000 CZK/month;Female;20;High school
30/10/2024 10:40;30/10/2024 11:59;100;4768;TRUE;30/10/2024 11:59;R_2EtvSwUXs89icoe;CS;197;Block 11;Agreed;Male;Male;20;Slovak;Exclusively heterosexual;Single (no partner);High school with diploma;Municipality with 1001-5000 inhabitants;up to 15 000 CZK/month;Male;20;High school
30/10/2024 12:00;30/10/2024 12:49;100;2967;TRUE;30/10/2024 12:50;R_2U4rL2lYBzL6Wul;CS;198;Block 11;Agreed;Female;Female;20;Czech;Exclusively heterosexual;Serious relationship;High school with diploma;M?sto s 50 001-100 000 obyvateli;up to 15 000 CZK/month;Female;20;High school
30/10/2024 12:51;30/10/2024 14:21;100;5372;TRUE;30/10/2024 14:21;R_2mgEa0HCACw4wwN;CS;199;Block 11;Agreed;Female;Female;21;Czech;Predominantly heterosexual;Single (no partner);High school with diploma;Municipality with 5001-20 000 inhabitants;up to 15 000 CZK/month;Female;21;High school
30/10/2024 14:51;30/10/2024 15:01;100;575;TRUE;30/10/2024 15:01;R_8runkRzqIaRfVEo;CS;200;Block 11;Agreed;Female;Female;20;Belarusian;Exclusively heterosexual;Serious relationship;High school with diploma;Large city over 100 000 inhabitants;up to 15 000 CZK/month;Female;20;High school
30/10/2024 15:02;30/10/2024 15:57;100;3314;TRUE;30/10/2024 15:57;R_8QmQVZtwLctzReJ;CS;201;Block 11;Agreed;Female;Female;27;Czech;Bisexual;Serious relationship;Master's degree (Mgr., MgA., Ing., MUDr., RNDr., PhDr., PharmDr., etc.);Large city over 100 000 inhabitants;up to 15 000 CZK/month;Female;27;Master's degree
30/10/2024 15:58;30/10/2024 16:55;100;3424;TRUE;30/10/2024 16:55;R_2XdVn9COLK4M7UB;CS;202;Block 9;Agreed;Female;Female;26;Czech;Exclusively heterosexual;Single (no partner);Bachelor's degree (Bc., BcA.);Large city over 100 000 inhabitants;up to 15 000 CZK/month;Female;26;Bachelor's degree
30/10/2024 16:56;30/10/2024 17:44;100;2867;TRUE;30/10/2024 17:44;R_223FmTQ5lkFF6SB;CS;203;Block 3;Agreed;Male;Male;21;Czech;Predominantly heterosexual;Single (no partner);High school with diploma;Municipality with 5001-20 000 inhabitants;up to 15 000 CZK/month;Male;21;High school
30/10/2024 17:44;30/10/2024 18:11;100;1585;TRUE;30/10/2024 18:11;R_8MgjnNSPIKEyldL;CS;204;Block 11;Agreed;Male;Male;27;Slovak;Exclusively heterosexual;Marriage / registered partnership;Master's degree (Mgr., MgA., Ing., MUDr., RNDr., PhDr., PharmDr., etc.);Large city over 100 000 inhabitants;30 000-50 000 CZK/month;Male;27;Master's degree
30/10/2024 18:12;30/10/2024 18:25;100;816;TRUE;30/10/2024 18:25;R_2o0bvszR4ZvS8X7;CS;205;Block 5;Agreed;Male;Male;20;Czech;Rather homosexual;Single (no partner);High school with diploma;Large city over 100 000 inhabitants;up to 15 000 CZK/month;Male;20;High school
31/10/2024 08:29;31/10/2024 09:37;100;4039;TRUE;31/10/2024 09:37;R_2Lp3iKmD07I631J;CS;206;Block 10;Agreed;Male;Male;24;Czech;Exclusively heterosexual;Serious relationship;High school with diploma;Large city over 100 000 inhabitants;over 50 000 CZK/month;Male;24;High school
31/10/2024 10:03;31/10/2024 12:02;100;7145;TRUE;31/10/2024 12:02;R_2hEHHv8EI5iq3Xl;CS;207;Block 1;Agreed;Female;Female;21;Czech;Bisexual;Single (no partner);High school with diploma;Municipality with 5001-20 000 inhabitants;up to 15 000 CZK/month;Female;21;High school
31/10/2024 12:03;31/10/2024 12:20;100;1014;TRUE;31/10/2024 12:20;R_8S33T57TFgNLQpe;CS;208;Block 6;Agreed;Male;Male;19;Czech;Exclusively heterosexual;Single (no partner);High school with diploma;Large city over 100 000 inhabitants;up to 15 000 CZK/month;Male;19;High school
31/10/2024 12:21;31/10/2024 15:21;100;10815;TRUE;31/10/2024 15:21;R_8UU9s8Z2vHtPUpb;CS;209;Block 8;Agreed;Male;Male;36;Czech;Predominantly heterosexual;non-binding relationship;High school with diploma;Large city over 100 000 inhabitants;15 000-30 000 CZK/month;Male;36;High school
31/10/2024 13:20;31/10/2024 13:36;100;953;TRUE;31/10/2024 13:36;R_2aPVUD2t5DZy7bH;CS;210;Block 3;Agreed;Male;Male;18;Czech;Exclusively heterosexual;Serious relationship;Elementary school;Municipality with 5001-20 000 inhabitants;up to 15 000 CZK/month;Male;18;Elementary school
31/10/2024 13:37;31/10/2024 14:16;100;2350;TRUE;31/10/2024 14:16;R_2br76GrAClWLzoJ;CS;211;Block 4;Agreed;Male;Male;23;Czech;Predominantly heterosexual;Serious relationship;High school with diploma;Large city over 100 000 inhabitants;15 000-30 000 CZK/month;Male;23;High school
31/10/2024 14:24;31/10/2024 14:38;100;812;TRUE;31/10/2024 14:38;R_8hmsJNCSLnmbG9P;CS;212;Block 10;Agreed;Female;Female;24;Slovak;Exclusively heterosexual;Serious relationship;Bachelor's degree (Bc., BcA.);Municipalities up to 1000 inhabitants;up to 15 000 CZK/month;Female;24;Bachelor's degree
21/10/2024 08:14;21/10/2024 09:03;100;2913;TRUE;21/10/2024 09:03;R_2fCzC13MEwBdICK;CS;213;Block 4;Agreed;Female;Female;39;Czech;Exclusively heterosexual;Single (no partner);Master's degree (Mgr., MgA., Ing., MUDr., RNDr., PhDr., PharmDr., etc.);Large city over 100 000 inhabitants;up to 15 000 CZK/month;Female;39;Master's degree
31/10/2024 15:21;31/10/2024 16:09;100;2864;TRUE;31/10/2024 16:09;R_2qVBs8APkyoqJ7M;CS;214;Block 7;Agreed;Female;Female;23;Czech;Bisexual;Single (no partner);Bachelor's degree (Bc., BcA.);Municipality with 5001-20 000 inhabitants;up to 15 000 CZK/month;Female;23;Bachelor's degree
31/10/2024 16:10;31/10/2024 16:19;100;570;TRUE;31/10/2024 16:19;R_2VrT8DXat0SI4N5;CS;215;Block 2;Agreed;Male;Male;24;Czech;Predominantly heterosexual;Serious relationship;Master's degree (Mgr., MgA., Ing., MUDr., RNDr., PhDr., PharmDr., etc.);Municipality with 5001-20 000 inhabitants;up to 15 000 CZK/month;Male;24;Master's degree
31/10/2024 16:20;31/10/2024 16:41;100;1208;TRUE;31/10/2024 16:41;R_8At1KdfJVFEYM6t;CS;216;Block 8;Agreed;Female;Female;20;Czech;Predominantly heterosexual;Serious relationship;High school with diploma;Large city over 100 000 inhabitants;up to 15 000 CZK/month;Female;20;High school
31/10/2024 14:39;31/10/2024 17:45;100;11159;TRUE;31/10/2024 17:45;R_2HKKlBTRNURahY5;CS;217;Block 10;Agreed;Female;Female;20;Czech;Rather heterosexual;Serious relationship;High school with diploma;Large city over 100 000 inhabitants;up to 15 000 CZK/month;Female;20;High school
31/10/2024 17:46;31/10/2024 18:04;100;1079;TRUE;31/10/2024 18:04;R_2pyEusk8ImXSwS5;CS;218;Block 2;Agreed;Female;Female;19;Czech;Exclusively heterosexual;Serious relationship;High school with diploma;Large city over 100 000 inhabitants;up to 15 000 CZK/month;Female;19;High school
11/11/2024 10:10;11/11/2024 10:46;100;2151;TRUE;11/11/2024 10:46;R_8fUKMdCfAP6d1ZI;CS;219;Block 6;Agreed;Male;Male;24;Czech;Exclusively heterosexual;Single (no partner);High school with diploma;Large city over 100 000 inhabitants;15 000-30 000 CZK/month;Male;24;High school
11/11/2024 10:47;11/11/2024 11:18;100;1873;TRUE;11/11/2024 11:18;R_2dak0QNuXqDCpNJ;CS;220;Block 7;Agreed;Male;Male;21;Czech;Exclusively heterosexual;Single (no partner);High school with diploma;Large city over 100 000 inhabitants;up to 15 000 CZK/month;Male;21;High school
11/11/2024 11:19;11/11/2024 12:12;100;3202;TRUE;11/11/2024 12:12;R_27ybet1XgxMEHtr;CS;221;Block 9;Agreed;Male;Male;20;Czech;Exclusively heterosexual;Single (no partner);High school with diploma;Municipality with 5001-20 000 inhabitants;up to 15 000 CZK/month;Male;20;High school
11/11/2024 12:14;11/11/2024 13:10;100;3320;TRUE;11/11/2024 13:10;R_8HS2u0Q2BkmboCu;CS;222;Block 5;Agreed;Male;Male;21;Czech;Exclusively heterosexual;Serious relationship;High school with diploma;Municipalities up to 1000 inhabitants;up to 15 000 CZK/month;Male;21;High school
11/11/2024 13:13;11/11/2024 13:58;100;2701;TRUE;11/11/2024 13:58;R_8d63LcUFMjzgvdv;CS;223;Block 3;Agreed;Male;Male;25;Czech;Exclusively heterosexual;Marriage / registered partnership;Master's degree (Mgr., MgA., Ing., MUDr., RNDr., PhDr., PharmDr., etc.);Large city over 100 000 inhabitants;over 50 000 CZK/month;Male;25;Master's degree
11/11/2024 13:59;11/11/2024 14:33;100;2073;TRUE;11/11/2024 14:33;R_8lK8HLxZZ5FhBrr;CS;224;Block 9;Agreed;Female;Female;20;Czech;Bisexual;Single (no partner);High school with diploma;Large city over 100 000 inhabitants;up to 15 000 CZK/month;Female;20;High school
11/11/2024 14:34;11/11/2024 15:28;100;3240;TRUE;11/11/2024 15:28;R_808KoW2H3rmyRkW;CS;225;Block 8;Agreed;Female;Female;22;Czech;Exclusively heterosexual;Serious relationship;Bachelor's degree (Bc., BcA.);M?sto s 50 001-100 000 obyvateli;up to 15 000 CZK/month;Female;22;Bachelor's degree
11/11/2024 15:29;11/11/2024 16:52;100;4966;TRUE;11/11/2024 16:52;R_28vanzDT2447pnj;CS;226;Block 7;Agreed;Male;Male;20;Ukrainian;Predominantly heterosexual;Single (no partner);High school with diploma;Large city over 100 000 inhabitants;up to 15 000 CZK/month;Male;20;High school
11/11/2024 16:53;11/11/2024 17:13;100;1204;TRUE;11/11/2024 17:13;R_8lzwpCqgQ8oYBdU;CS;227;Block 5;Agreed;Male;Male;25;Czech;Exclusively heterosexual;non-binding relationship;Master's degree (Mgr., MgA., Ing., MUDr., RNDr., PhDr., PharmDr., etc.);Large city over 100 000 inhabitants;15 000-30 000 CZK/month;Male;25;Master's degree
11/11/2024 17:14;11/11/2024 18:09;100;3246;TRUE;11/11/2024 18:09;R_2PovvZ0QhALgju4;CS;228;Block 1;Agreed;Male;Male;24;Slovak;Exclusively heterosexual;Single (no partner);Bachelor's degree (Bc., BcA.);Large city over 100 000 inhabitants;up to 15 000 CZK/month;Male;24;Bachelor's degree
19/11/2024 08:34;19/11/2024 09:33;100;3580;TRUE;19/11/2024 09:33;R_8C3K0SbemqiqVIb;CS;229;Block 5;Agreed;Male;Male;21;Slovak;Exclusively heterosexual;Serious relationship;High school with diploma;Municipality with 1001-5000 inhabitants;up to 15 000 CZK/month;Male;21;High school
19/11/2024 09:34;19/11/2024 10:03;100;1714;TRUE;19/11/2024 10:03;R_2qqHkgHqnKutOZb;CS;230;Block 5;Agreed;Female;Female;22;Czech;Exclusively heterosexual;Serious relationship;Bachelor's degree (Bc., BcA.);Large city over 100 000 inhabitants;up to 15 000 CZK/month;Female;22;Bachelor's degree
19/11/2024 10:03;19/11/2024 10:34;100;1857;TRUE;19/11/2024 10:34;R_8KVokcgdcIbwzTd;CS;231;Block 5;Agreed;Female;Female;19;Czech;Exclusively heterosexual;Serious relationship;High school with diploma;Large city over 100 000 inhabitants;15 000-30 000 CZK/month;Female;19;High school
19/11/2024 10:35;19/11/2024 11:40;100;3869;TRUE;19/11/2024 11:40;R_8qeWdD3kIArUXhg;CS;232;Block 5;Agreed;Female;Female;23;Slovak;Exclusively heterosexual;Serious relationship;Bachelor's degree (Bc., BcA.);Large city over 100 000 inhabitants;up to 15 000 CZK/month;Female;23;Bachelor's degree
19/11/2024 11:40;19/11/2024 12:14;100;2014;TRUE;19/11/2024 12:14;R_8vL7kx77lFWJwOt;CS;233;Block 4;Agreed;Female;Female;20;Czech;Predominantly heterosexual;Single (no partner);High school with diploma;M?sto s 50 001-100 000 obyvateli;up to 15 000 CZK/month;Female;20;High school
19/11/2024 12:15;19/11/2024 13:30;100;4485;TRUE;19/11/2024 13:30;R_8s6XlgXSoHn1HB1;CS;234;Block 6;Agreed;Female;Female;21;Czech;Exclusively heterosexual;Serious relationship;High school with diploma;M?sto s 50 001-100 000 obyvateli;up to 15 000 CZK/month;Female;21;High school
19/11/2024 13:30;19/11/2024 14:00;100;1752;TRUE;19/11/2024 14:00;R_2mdxg5TtAFUQDkN;CS;235;Block 7;Agreed;Female;Female;20;Czech;Exclusively heterosexual;Serious relationship;High school with diploma;Municipality with 5001-20 000 inhabitants;up to 15 000 CZK/month;Female;20;High school
19/11/2024 14:00;19/11/2024 14:31;100;1850;TRUE;19/11/2024 14:31;R_8jkAp439rwIuxfX;CS;236;Block 7;Agreed;Female;Female;19;Czech;Exclusively heterosexual;Serious relationship;High school with diploma;Large city over 100 000 inhabitants;up to 15 000 CZK/month;Female;19;High school
19/11/2024 14:32;19/11/2024 15:01;100;1791;TRUE;19/11/2024 15:01;R_8F5mW58nfXsgdgR;CS;237;Block 9;Agreed;Female;Female;19;Czech;Predominantly heterosexual;Single (no partner);High school with diploma;Large city over 100 000 inhabitants;up to 15 000 CZK/month;Female;19;High school
19/11/2024 15:02;19/11/2024 15:37;100;2074;TRUE;19/11/2024 15:37;R_2m4ar5ENB1feViq;CS;238;Block 9;Agreed;Female;Female;19;Czech;Bisexual;Single (no partner);High school with diploma;Municipalities up to 1000 inhabitants;up to 15 000 CZK/month;Female;19;High school
19/11/2024 15:37;19/11/2024 16:39;100;3718;TRUE;19/11/2024 16:39;R_2E5QZPeDe8FKdQi;CS;239;Block 5;Agreed;Female;Female;26;Czech;Exclusively heterosexual;Single (no partner);Master's degree (Mgr., MgA., Ing., MUDr., RNDr., PhDr., PharmDr., etc.);Large city over 100 000 inhabitants;15 000-30 000 CZK/month;Female;26;Master's degree
19/11/2024 16:42;19/11/2024 17:11;100;1741;TRUE;19/11/2024 17:11;R_84Qv0sbVt7FRkXL;CS;240;Block 6;Agreed;Female;Male;30;Czech;Exclusively heterosexual;Serious relationship;High school with a certificate of completion;Large city over 100 000 inhabitants;30 000-50 000 CZK/month;Male;30;High school
19/11/2024 17:12;19/11/2024 17:41;100;1775;TRUE;19/11/2024 17:41;R_2ixsQsZGFFLTide;CS;241;Block 6;Agreed;Female;Female;27;Czech;Predominantly heterosexual;Serious relationship;Master's degree (Mgr., MgA., Ing., MUDr., RNDr., PhDr., PharmDr., etc.);Large city over 100 000 inhabitants;15 000-30 000 CZK/month;Female;27;Master's degree
19/11/2024 17:42;19/11/2024 18:14;100;1920;TRUE;19/11/2024 18:14;R_8PRVRkPm6wKcIRl;CS;242;Block 9;Agreed;Male;Male;23;Czech;Predominantly heterosexual;Single (no partner);Bachelor's degree (Bc., BcA.);Large city over 100 000 inhabitants;up to 15 000 CZK/month;Male;23;Bachelor's degree
20/11/2024 09:12;20/11/2024 09:58;100;2772;TRUE;20/11/2024 09:58;R_8f3OList4zf3m4x;CS;243;Block 9;Agreed;Male;Male;23;Czech;Exclusively heterosexual;Serious relationship;Bachelor's degree (Bc., BcA.);Large city over 100 000 inhabitants;up to 15 000 CZK/month;Male;23;Bachelor's degree
20/11/2024 09:59;20/11/2024 11:54;100;6887;TRUE;20/11/2024 11:54;R_2dACuzMOoz9xUOs;CS;244;Block 4;Agreed;Male;Male;23;Czech;Exclusively heterosexual;Serious relationship;Bachelor's degree (Bc., BcA.);Large city over 100 000 inhabitants;up to 15 000 CZK/month;Male;23;Bachelor's degree
20/11/2024 11:54;20/11/2024 13:35;100;6036;TRUE;20/11/2024 13:35;R_2aB5rhvYif0pzG1;CS;245;Block 4;Agreed;Male;Male;21;Slovak;Predominantly heterosexual;Nezávazný vztah,Závazný vztah;High school with diploma;Large city over 100 000 inhabitants;15 000-30 000 CZK/month;Male;21;High school
20/11/2024 13:35;20/11/2024 14:50;100;4460;TRUE;20/11/2024 14:50;R_8puJB3AZjIKA4Hc;CS;246;Block 4;Agreed;Male;Male;21;Czech;Exclusively heterosexual;Serious relationship;High school with diploma;Municipality with 5001-20 000 inhabitants;up to 15 000 CZK/month;Male;21;High school
20/11/2024 14:50;20/11/2024 15:26;100;2178;TRUE;20/11/2024 15:26;R_8fIWH3AYmMTddOt;CS;247;Block 2;Agreed;Male;Male;26;Czech;Exclusively heterosexual;Single (no partner);Master's degree (Mgr., MgA., Ing., MUDr., RNDr., PhDr., PharmDr., etc.);Large city over 100 000 inhabitants;30 000-50 000 CZK/month;Male;26;Master's degree
29/11/2024 09:06;29/11/2024 09:58;100;3116;TRUE;29/11/2024 09:58;R_8urnXQjOmZTNmJp;CS;248;Block 2;Agreed;Male;Male;23;Slovak;Exclusively heterosexual;Serious relationship;Bachelor's degree (Bc., BcA.);Large city over 100 000 inhabitants;up to 15 000 CZK/month;Male;23;Bachelor's degree
29/11/2024 10:00;29/11/2024 10:39;100;2339;TRUE;29/11/2024 10:39;R_2hF74GNxbzb0gYG;CS;249;Block 2;Agreed;Male;Male;29;Czech;Exclusively heterosexual;Serious relationship;Master's degree (Mgr., MgA., Ing., MUDr., RNDr., PhDr., PharmDr., etc.);Municipality with 1001-5000 inhabitants;15 000-30 000 CZK/month;Male;29;Master's degree
29/11/2024 10:39;29/11/2024 13:55;100;11725;TRUE;29/11/2024 13:55;R_8tExgegnDEdWw5V;CS;250;Block 9;Agreed;Male;Male;19;Czech;Rather heterosexual;Nezávazný vztah,Závazný vztah;High school with diploma;Large city over 100 000 inhabitants;up to 15 000 CZK/month;Male;19;High school
29/11/2024 13:56;29/11/2024 15:08;100;4344;TRUE;29/11/2024 15:08;R_2c10lh3Y7I7Ngpr;CS;251;Block 9;Agreed;Male;Male;19;Czech;Exclusively heterosexual;Serious relationship;High school with diploma;Municipality with 5001-20 000 inhabitants;up to 15 000 CZK/month;Male;19;High school
29/11/2024 15:09;29/11/2024 16:08;100;3568;TRUE;29/11/2024 16:08;R_8bU939ooYm1dpze;CS;252;Block 7;Agreed;Male;Male;34;Czech;Exclusively heterosexual;non-binding relationship;Ph.D. degree;Large city over 100 000 inhabitants;30 000-50 000 CZK/month;Male;34;Ph.D. degree
29/11/2024 16:09;29/11/2024 16:44;100;2073;TRUE;29/11/2024 16:44;R_2xrADU2kPhkAd6F;CS;253;Block 7;Agreed;Male;Male;26;Czech;Predominantly heterosexual;Single (no partner);Bachelor's degree (Bc., BcA.);Large city over 100 000 inhabitants;up to 15 000 CZK/month;Male;26;Bachelor's degree
29/11/2024 16:44;29/11/2024 17:25;100;2429;TRUE;29/11/2024 17:25;R_8a9RsDzz7l3SFjP;CS;254;Block 7;Agreed;Male;Male;29;Slovak;Exclusively heterosexual;Single (no partner);Master's degree (Mgr., MgA., Ing., MUDr., RNDr., PhDr., PharmDr., etc.);Large city over 100 000 inhabitants;30 000-50 000 CZK/month;Male;29;Master's degree
03/12/2024 08:40;03/12/2024 09:12;100;1892;TRUE;03/12/2024 09:12;R_2V5QMgYF27Lx8L7;CS;255;Block 7;Agreed;Male;Male;18;Czech;Exclusively heterosexual;Single (no partner);Elementary school;Large city over 100 000 inhabitants;up to 15 000 CZK/month;Male;18;Elementary school
03/12/2024 09:12;03/12/2024 09:47;100;2105;TRUE;03/12/2024 09:48;R_2ALteLdTb0nupn6;CS;256;Block 3;Agreed;Male;Male;18;Czech;Exclusively heterosexual;Single (no partner);Elementary school;Large city over 100 000 inhabitants;up to 15 000 CZK/month;Male;18;Elementary school
03/12/2024 09:48;03/12/2024 10:10;100;1335;TRUE;03/12/2024 10:10;R_832L4hmnRbayUR5;CS;257;Block 3;Agreed;Male;Male;23;Czech;Predominantly heterosexual;Serious relationship;Bachelor's degree (Bc., BcA.);Large city over 100 000 inhabitants;up to 15 000 CZK/month;Male;23;Bachelor's degree
03/12/2024 10:11;03/12/2024 10:42;100;1825;TRUE;03/12/2024 10:42;R_263E4u709atB0ki;CS;258;Block 3;Agreed;Male;Male;23;Czech;Exclusively heterosexual;Serious relationship;Bachelor's degree (Bc., BcA.);Large city over 100 000 inhabitants;up to 15 000 CZK/month;Male;23;Bachelor's degree
03/12/2024 10:43;03/12/2024 11:25;100;2531;TRUE;03/12/2024 11:25;R_2m8gAgO9a4JXQSR;CS;259;Block 3;Agreed;Male;Male;21;Czech;Exclusively heterosexual;Single (no partner);Other;Large city over 100 000 inhabitants;30 000-50 000 CZK/month;Male;21;Other
03/12/2024 11:26;03/12/2024 11:55;100;1736;TRUE;03/12/2024 11:55;R_81oFPrlXcq64i6t;CS;260;Block 3;Agreed;Male;Male;20;Czech;Exclusively heterosexual;Single (no partner);High school with diploma;Large city over 100 000 inhabitants;up to 15 000 CZK/month;Male;20;High school
03/12/2024 11:56;03/12/2024 12:25;100;1745;TRUE;03/12/2024 12:25;R_8rCDDIdoPE2aWDZ;CS;261;Block 11;Agreed;Male;Male;27;Czech;Exclusively heterosexual;Serious relationship;Master's degree (Mgr., MgA., Ing., MUDr., RNDr., PhDr., PharmDr., etc.);City with 20 001-50 000 inhabitants;15 000-30 000 CZK/month;Male;27;Master's degree
03/12/2024 12:26;03/12/2024 14:06;100;6024;TRUE;03/12/2024 14:06;R_2f2aCKQ4gc58OPX;CS;262;Block 11;Agreed;Male;Male;21;Czech;Rather heterosexual;Single (no partner);High school with diploma;Municipality with 5001-20 000 inhabitants;up to 15 000 CZK/month;Male;21;High school
03/12/2024 14:07;03/12/2024 14:44;100;2219;TRUE;03/12/2024 14:44;R_83a8aW3D7FKgOC6;CS;263;Block 11;Agreed;Male;Male;30;Czech;Exclusively heterosexual;non-binding relationship;Ph.D. degree;Large city over 100 000 inhabitants;up to 15 000 CZK/month;Male;30;Ph.D. degree
03/12/2024 14:44;03/12/2024 15:13;100;1694;TRUE;03/12/2024 15:13;R_8rlzCKYP7zlr260;CS;264;Block 11;Agreed;Male;Male;21;English;Exclusively heterosexual;Serious relationship;High school with diploma;Large city over 100 000 inhabitants;over 50 000 CZK/month;Male;21;High school
03/12/2024 15:14;03/12/2024 16:04;100;3017;TRUE;03/12/2024 16:04;R_2i2MxUqeLlMWqqa;CS;265;Block 11;Agreed;Male;Male;20;Czech;Exclusively heterosexual;non-binding relationship;High school with diploma;Large city over 100 000 inhabitants;up to 15 000 CZK/month;Male;20;High school
03/12/2024 16:05;03/12/2024 16:32;100;1637;TRUE;03/12/2024 16:32;R_2tLMS4o6SoHYQme;CS;266;Block 1;Agreed;Male;Male;22;Czech;Exclusively homosexual;Single (no partner);Bachelor's degree (Bc., BcA.);Municipalities up to 1000 inhabitants;up to 15 000 CZK/month;Male;22;Bachelor's degree
03/12/2024 16:33;03/12/2024 17:21;100;2933;TRUE;03/12/2024 17:22;R_8iqEN5vnk7pF71v;CS;267;Block 1;Agreed;Male;Male;22;Czech;Exclusively heterosexual;Single (no partner);Bachelor's degree (Bc., BcA.);Large city over 100 000 inhabitants;up to 15 000 CZK/month;Male;22;Bachelor's degree
04/12/2024 09:34;04/12/2024 10:30;100;3344;TRUE;04/12/2024 10:30;R_8f9RmoGlzCxofk1;CS;268;Block 1;Agreed;Male;Male;20;Czech;Exclusively heterosexual;Single (no partner);High school with diploma;Large city over 100 000 inhabitants;up to 15 000 CZK/month;Male;20;High school
04/12/2024 10:30;04/12/2024 11:31;100;3628;TRUE;04/12/2024 11:31;R_2rOx8lPfYN6WyBR;CS;269;Block 1;Agreed;Male;Male;21;Czech;Predominantly heterosexual;Serious relationship;High school with diploma;Large city over 100 000 inhabitants;up to 15 000 CZK/month;Male;21;High school
04/12/2024 11:32;04/12/2024 12:04;100;1930;TRUE;04/12/2024 12:04;R_29h5zBKlP5vymdx;CS;270;Block 1;Agreed;Male;Male;22;Czech;Exclusively heterosexual;Single (no partner);Bachelor's degree (Bc., BcA.);City with 20 001-50 000 inhabitants;up to 15 000 CZK/month;Male;22;Bachelor's degree
04/12/2024 12:05;04/12/2024 12:35;100;1832;TRUE;04/12/2024 12:35;R_8PRTORqJrlZdJWS;CS;271;Block 1;Agreed;Male;Male;26;Czech;Predominantly heterosexual;Marriage / registered partnership;Bachelor's degree (Bc., BcA.);Large city over 100 000 inhabitants;30 000-50 000 CZK/month;Male;26;Bachelor's degree
04/12/2024 12:36;04/12/2024 13:11;100;2099;TRUE;04/12/2024 13:11;R_8sXv9Rz1OCq2OB3;CS;272;Block 8;Agreed;Male;Male;25;Czech;Exclusively heterosexual;Marriage / registered partnership;Master's degree (Mgr., MgA., Ing., MUDr., RNDr., PhDr., PharmDr., etc.);Large city over 100 000 inhabitants;30 000-50 000 CZK/month;Male;25;Master's degree
04/12/2024 13:12;04/12/2024 13:47;100;2113;TRUE;04/12/2024 13:47;R_8fIWXYXSXOIAXVA;CS;273;Block 8;Agreed;Female;Male;24;Czech;Predominantly homosexual;Single (no partner);Bachelor's degree (Bc., BcA.);City with 20 001-50 000 inhabitants;15 000-30 000 CZK/month;Male;24;Bachelor's degree
04/12/2024 13:48;04/12/2024 14:29;100;2486;TRUE;04/12/2024 14:29;R_8bcgiNoWd2XXTbP;CS;274;Block 8;Agreed;Male;Male;25;Czech;Exclusively heterosexual;Serious relationship;Bachelor's degree (Bc., BcA.);Large city over 100 000 inhabitants;15 000-30 000 CZK/month;Male;25;Bachelor's degree
04/12/2024 14:30;04/12/2024 15:07;100;2242;TRUE;04/12/2024 15:07;R_8GLHTwfJjMw7v0d;CS;275;Block 8;Agreed;Male;Male;19;Slovak;Exclusively heterosexual;Single (no partner);High school with diploma;Large city over 100 000 inhabitants;15 000-30 000 CZK/month;Male;19;High school
04/12/2024 15:09;04/12/2024 15:39;100;1813;TRUE;04/12/2024 15:39;R_8ae9yYs17mZUOxX;CS;276;Block 8;Agreed;Male;Male;20;Slovak;Exclusively heterosexual;non-binding relationship;High school with diploma;Large city over 100 000 inhabitants;up to 15 000 CZK/month;Male;20;High school
24/10/2024 17:12;24/10/2024 17:38;100;1525;TRUE;24/10/2024 17:38;R_2BRSGENHr64nXrj;CS;277;Block 10;Agreed;Female;Female;27;Czech;Exclusively heterosexual;Serious relationship;Master's degree (Mgr., MgA., Ing., MUDr., RNDr., PhDr., PharmDr., etc.);Large city over 100 000 inhabitants;up to 15 000 CZK/month;Female;27;Master's degree
30/10/2024 14:22;30/10/2024 14:51;100;1742;TRUE;30/10/2024 14:51;R_8e96vRJKm0bkzqd;CS;278;Block 11;Agreed;Female;Female;20;Czech;Exclusively heterosexual;Single (no partner);High school with diploma;Municipality with 1001-5000 inhabitants;15 000-30 000 CZK/month;Female;20;High school
11/11/2024 09:48;11/11/2024 10:08;100;1249;TRUE;11/11/2024 10:08;R_8mXoa2YEfgH15S1;CS;279;Block 2;Agreed;Female;Female;23;Czech;Predominantly heterosexual;Serious relationship;Bachelor's degree (Bc., BcA.);Large city over 100 000 inhabitants;up to 15 000 CZK/month;Female;23;Bachelor's degree
